year,state,state_po,total_votes,electoral_votes,democrat_votes,republican_votes,other_votes,democrat_pct,republican_pct,other_pct,more_democrat,winning_party,candidate_name,party,democrat_electoral_votes,republican_electoral_votes
1976,Alabama,AL,1182850,9,659170,504070,19610,0.5572726888447394,0.42614870862746757,0.016578602527793043,0.13112398021727178,democrat,Jimmy Carter,democrat,9,0
1980,Alabama,AL,1341929,9,636730,654192,51007,0.47448859067804633,0.4875012016284021,0.038010207693551595,-0.013012610950355774,republican,Ronald Reagan,republican,0,9
1984,Alabama,AL,1441713,9,551899,872849,16965,0.38280781265064545,0.6054249354760621,0.011767251873292396,-0.22261712282541668,republican,Ronald Reagan,republican,0,9
1988,Alabama,AL,1378476,9,549506,815576,13394,0.39863298309147205,0.5916504893810266,0.009716527527501385,-0.19301750628955455,republican,George H.W. Bush,republican,0,9
1992,Alabama,AL,1688060,9,690080,804283,193697,0.4088006350485172,0.4764540359939813,0.11474532895750152,-0.06765340094546407,republican,George H.W. Bush,republican,0,9
1996,Alabama,AL,1534349,9,662165,769044,103140,0.4315608769582409,0.5012184320516389,0.06722069099012024,-0.06965755509339794,republican,Robert Dole,republican,0,9
2000,Alabama,AL,1666272,9,692611,941173,32488,0.4156650294789806,0.5648375535326765,0.019497416988342838,-0.1491725240536959,republican,George W. Bush,republican,0,9
2004,Alabama,AL,1883415,9,693933,1176394,13088,0.36844402322377173,0.6246068975770077,0.006949079199220565,-0.256162874353236,republican,George W. Bush,republican,0,9
2008,Alabama,AL,2099819,9,813479,1266546,19794,0.38740434294574916,0.603169130291706,0.009426526762544771,-0.2157647873459569,republican,John McCain,republican,0,9
2012,Alabama,AL,2074338,9,795696,1255925,22717,0.3835903309875247,0.6054582232982282,0.010951445714247148,-0.22186789231070347,republican,Mitt Romney,republican,0,9
2016,Alabama,AL,2123372,9,729547,1318255,75570,0.3435794575797364,0.6208309236440906,0.03558961877617299,-0.27725146606435425,republican,Donald J. Trump,republican,0,9
1976,Alaska,AK,123574,3,44058,71555,7961,0.3565313091750692,0.5790457539611893,0.06442293686374156,-0.2225144447861201,republican,Gerald Ford,republican,0,3
1980,Alaska,AK,158445,3,41842,86112,30491,0.2640790179557575,0.5434819653507527,0.19243901669348987,-0.27940294739499516,republican,Ronald Reagan,republican,0,3
1984,Alaska,AK,207605,3,62007,138377,7221,0.29867777751017555,0.666539823221984,0.034782399267840367,-0.36786204571180847,republican,Ronald Reagan,republican,0,3
1988,Alaska,AK,200116,3,72584,119251,8281,0.362709628415519,0.595909372563913,0.04138099902056807,-0.23319974414839395,republican,George H.W. Bush,republican,0,3
1992,Alaska,AK,258506,3,78294,102000,78212,0.3028711132430195,0.3945749808515083,0.3025539059054722,-0.09170386760848875,republican,George H.W. Bush,republican,0,3
1996,Alaska,AK,241620,3,80380,122746,38494,0.33267113649532326,0.5080125817399221,0.15931628176475457,-0.17534144524459888,republican,Robert Dole,republican,0,3
2000,Alaska,AK,285560,3,79004,167398,39158,0.27666339823504693,0.5862095531587057,0.1371270486062474,-0.3095461549236588,republican,George W. Bush,republican,0,3
2004,Alaska,AK,312598,3,111025,190889,10684,0.35516861912104364,0.6106532991253942,0.03417808175356208,-0.2554846800043506,republican,George W. Bush,republican,0,3
2008,Alaska,AK,326197,3,123594,193841,8762,0.37889373599389325,0.5942451953880631,0.026861068618043698,-0.21535145939416983,republican,John McCain,republican,0,3
2012,Alaska,AK,300495,3,122640,164676,13179,0.40812659112464433,0.5480157739729447,0.04385763490241102,-0.13988918284830032,republican,Mitt Romney,republican,0,3
2016,Alaska,AK,318608,3,116454,163387,38767,0.36550871290111986,0.5128151207753728,0.12167616632350725,-0.14730640787425298,republican,Donald J. Trump,republican,0,3
1976,Arizona,AZ,742719,11,295602,418642,28475,0.39799978188251545,0.5636613577948053,0.03833886032267924,-0.16566157591228986,republican,Gerald Ford,republican,0,11
1980,Arizona,AZ,873945,11,246843,529688,97414,0.28244683589928427,0.6060884838290739,0.1114646802716418,-0.3236416479297896,republican,Ronald Reagan,republican,0,11
1984,Arizona,AZ,1025897,11,333854,681416,10627,0.32542643169830887,0.6642148285841561,0.010358739717534995,-0.3387883968858473,republican,Ronald Reagan,republican,0,11
1988,Arizona,AZ,1171873,11,454029,702541,15303,0.387438741228785,0.5995026764845679,0.013058582286647103,-0.21206393525578288,republican,George H.W. Bush,republican,0,11
1992,Arizona,AZ,1486975,11,543050,572086,371839,0.3652045259671481,0.38473141781132836,0.25006405622152356,-0.019526891844180272,republican,George H.W. Bush,republican,0,11
1996,Arizona,AZ,1404405,11,653288,622073,129044,0.4651706594607681,0.4429441649666585,0.09188517557257343,0.022226494494109572,democrat,Bill Clinton,democrat,11,0
2000,Arizona,AZ,1532016,11,685341,781652,65023,0.4473458501738885,0.5102113816043696,0.04244276822174181,-0.06286553143048113,republican,George W. Bush,republican,0,11
2004,Arizona,AZ,2012585,11,893524,1104294,14767,0.44396832928795554,0.5486943408601376,0.007337329851906876,-0.10472601157218203,republican,George W. Bush,republican,0,11
2008,Arizona,AZ,2293475,11,1034707,1230111,28657,0.4511525087476428,0.5363524782262724,0.012495013026084871,-0.08519996947862962,republican,John McCain,republican,0,11
2012,Arizona,AZ,2299254,11,1025232,1233654,40368,0.44589766941799386,0.536545331659747,0.017556998922259134,-0.09064766224175319,republican,Mitt Romney,republican,0,11
2016,Arizona,AZ,2573165,11,1161167,1252401,159597,0.4512602184469321,0.4867161647232105,0.062023616829857395,-0.035455946276278405,republican,Donald J. Trump,republican,0,11
1976,Arkansas,AR,767535,6,498604,267903,1028,0.6496172812966184,0.3490433661005687,0.001339352602812901,0.30057391519604976,democrat,Jimmy Carter,democrat,6,0
1980,Arkansas,AR,837582,6,398041,403164,36377,0.4752263062004675,0.4813427222648051,0.043430971534727345,-0.006116416064337604,republican,Ronald Reagan,republican,0,6
1984,Arkansas,AR,884406,6,338646,534774,10986,0.38290785001458605,0.6046702532547269,0.012421896730687037,-0.22176240324014085,republican,Ronald Reagan,republican,0,6
1988,Arkansas,AR,827738,6,349237,466578,11923,0.4219173216645847,0.563678361993771,0.014404316341644336,-0.1417610403291863,republican,George H.W. Bush,republican,0,6
1992,Arkansas,AR,950653,6,505823,337324,107506,0.5320795284925204,0.3548339930552999,0.11308647845217971,0.1772455354372205,democrat,Bill Clinton,democrat,6,0
1996,Arkansas,AR,884262,6,475171,325416,83675,0.5373644915194817,0.36800857664357395,0.09462693183694425,0.1693559148759078,democrat,Bill Clinton,democrat,6,0
2000,Arkansas,AR,921781,6,422768,472940,26073,0.4586425626043496,0.5130719769663293,0.028285460429321063,-0.05442941436197973,republican,George W. Bush,republican,0,6
2004,Arkansas,AR,1054945,6,469953,572898,12094,0.44547630445189085,0.5430595907843537,0.011464104763755456,-0.09758328633246288,republican,George W. Bush,republican,0,6
2008,Arkansas,AR,1086617,6,422310,638017,26290,0.3886465976512423,0.5871590449992959,0.024194357349461678,-0.19851244734805362,republican,John McCain,republican,0,6
2012,Arkansas,AR,1069468,6,394409,647744,27315,0.36878990301720105,0.6056693608410911,0.02554073614170784,-0.23687945782389008,republican,Mitt Romney,republican,0,6
2016,Arkansas,AR,1130635,6,380494,684872,65269,0.33653124129360934,0.6057410216382829,0.05772773706810774,-0.2692097803446736,republican,Donald J. Trump,republican,0,6
1976,California,CA,7803770,55,3742284,3882244,179242,0.47954821836112543,0.4974831395594693,0.02296864207940521,-0.01793492119834389,republican,Gerald Ford,republican,0,55
1980,California,CA,8582938,55,3082943,4522994,977001,0.35919436910764124,0.5269750288304541,0.11383060206190468,-0.16778065972281286,republican,Ronald Reagan,republican,0,55
1984,California,CA,9505041,55,3922519,5467009,115513,0.41267775699231596,0.5751694285169312,0.012152814490752855,-0.16249167152461524,republican,Ronald Reagan,republican,0,55
1988,California,CA,9887065,55,4702233,5054917,129915,0.4755944256460335,0.5112656789451673,0.013139895408799274,-0.03567125329913379,republican,George H.W. Bush,republican,0,55
1992,California,CA,11131721,55,5121325,3630574,2379822,0.46006587840280944,0.32614669375921296,0.2137874278379776,0.13391918464359648,democrat,Bill Clinton,democrat,55,0
1996,California,CA,10019469,55,5119835,3828381,1071253,0.5109886561852729,0.3820942008004616,0.10691714301426553,0.1288944553848113,democrat,Bill Clinton,democrat,55,0
2000,California,CA,10965822,55,5861203,4567429,537190,0.5344973682775446,0.41651496805255456,0.0489876636699009,0.11798240022499001,democrat,Al Gore,democrat,55,0
2004,California,CA,12421353,55,6745485,5509826,166042,0.5430555753467436,0.44357695977241773,0.013367464880838665,0.09947861557432591,democrat,John Kerry,democrat,55,0
2008,California,CA,13561900,55,8274473,5011781,275646,0.6101263834713425,0.36954858832464477,0.02032502820401271,0.24057779514669775,democrat,Barack H. Obama,democrat,55,0
2012,California,CA,13038547,55,7854285,4839958,344304,0.6023895914168964,0.371203785207048,0.026406623376055628,0.2311858062098484,democrat,Barack H. Obama,democrat,55,0
2016,California,CA,14181595,55,8753788,4483810,943997,0.6172639960455788,0.3161710653843943,0.06656493857002685,0.3010929306611845,democrat,Hillary Clinton,democrat,55,0
1976,Colorado,CO,1081440,9,460801,584278,36361,0.4260994599792869,0.5402777777777777,0.033622762242935346,-0.11417831779849086,republican,Gerald Ford,republican,0,9
1980,Colorado,CO,1184450,9,368009,652264,164177,0.3107003250453797,0.5506893494871037,0.13861032546751656,-0.23998902444172399,republican,Ronald Reagan,republican,0,9
1984,Colorado,CO,1295380,9,454975,821817,18588,0.3512289830011271,0.6344215596967685,0.014349457302104402,-0.2831925766956414,republican,Ronald Reagan,republican,0,9
1988,Colorado,CO,1372394,9,621453,728177,22764,0.45282404324122666,0.5305888833673129,0.01658707339146047,-0.07776484012608625,republican,George H.W. Bush,republican,0,9
1992,Colorado,CO,1569180,9,629681,562850,376649,0.40128028651907366,0.35869052626212417,0.24002918721880218,0.042589760256949494,democrat,Bill Clinton,democrat,9,0
1996,Colorado,CO,1510702,9,671152,691848,147702,0.44426498409348764,0.457964575409313,0.09777044049719931,-0.013699591315825377,republican,Robert Dole,republican,0,9
2000,Colorado,CO,1741368,9,738227,883748,119393,0.4239350901130605,0.507502147736722,0.06856276215021753,-0.08356705762366146,republican,George W. Bush,republican,0,9
2004,Colorado,CO,2129630,9,1001732,1101255,26643,0.47037842254288303,0.5171109535459211,0.012510623911195841,-0.046732531003038036,republican,George W. Bush,republican,0,9
2008,Colorado,CO,2401361,9,1288576,1073589,39196,0.5366023684069159,0.4470752210933716,0.016322410499712454,0.08952714731354428,democrat,Barack H. Obama,democrat,9,0
2012,Colorado,CO,2569516,9,1323101,1185243,61172,0.5149222655161517,0.4612709163904798,0.023806818093368556,0.05365134912567193,democrat,Barack H. Obama,democrat,9,0
2016,Colorado,CO,2780220,9,1338870,1202484,238866,0.48156980382847403,0.4325139737143104,0.08591622245721561,0.049055830114163645,democrat,Hillary Clinton,democrat,9,0
1976,Connecticut,CT,1386355,7,647895,719261,19199,0.46733700964038793,0.5188144450735923,0.013848545286019814,-0.05147743543320438,republican,Gerald Ford,republican,0,7
1980,Connecticut,CT,1406285,7,541732,677210,187343,0.3852220566954778,0.4815595700729226,0.13321837323159957,-0.09633751337744478,republican,Ronald Reagan,republican,0,7
1984,Connecticut,CT,1466900,7,569597,890877,6426,0.3882998159383734,0.6073195173495126,0.004380666712113982,-0.2190197014111392,republican,Ronald Reagan,republican,0,7
1988,Connecticut,CT,1443394,7,676584,750241,16569,0.4687451936200372,0.5197756122029051,0.011479194177057684,-0.05103041858286794,republican,George H.W. Bush,republican,0,7
1992,Connecticut,CT,1616156,7,682318,578313,355525,0.42218572959541034,0.35783241221763246,0.2199818581869572,0.06435331737777789,democrat,Bill Clinton,democrat,7,0
1996,Connecticut,CT,1392614,7,735740,483109,173765,0.5283158147196567,0.34690804487101234,0.12477614040933094,0.18140776984864437,democrat,Bill Clinton,democrat,7,0
2000,Connecticut,CT,1459525,7,816015,561094,82416,0.5590962813244035,0.384436032270773,0.05646768640482349,0.17466024905363048,democrat,Al Gore,democrat,7,0
2004,Connecticut,CT,1578769,7,857488,693826,27455,0.543137089719902,0.4394727791082799,0.017390131171818042,0.10366431061162212,democrat,John Kerry,democrat,7,0
2008,Connecticut,CT,1646792,7,997772,629428,19592,0.6058882967612181,0.3822146330562694,0.011897070182512424,0.22367366370494873,democrat,Barack H. Obama,democrat,7,0
2012,Connecticut,CT,1558204,7,905083,634892,18229,0.5808501325885442,0.4074511424691504,0.011698724942305372,0.17339899011939386,democrat,Barack H. Obama,democrat,7,0
2016,Connecticut,CT,1644920,7,897572,673215,74133,0.5456630109670987,0.40926914378814777,0.045067845244753546,0.1363938671789509,democrat,Hillary Clinton,democrat,7,0
1976,Delaware,DE,235642,3,122461,109780,3401,0.5196908870235357,0.46587620203529084,0.014432910941173474,0.053814684988244876,democrat,Jimmy Carter,democrat,3,0
1980,Delaware,DE,235668,3,105754,111252,18662,0.4487414498362103,0.47207087937267683,0.07918767079111293,-0.02332942953646655,republican,Ronald Reagan,republican,0,3
1984,Delaware,DE,254572,3,101656,152190,726,0.3993212136448627,0.5978269409047342,0.0028518454504030295,-0.19850572725987148,republican,Ronald Reagan,republican,0,3
1988,Delaware,DE,249891,3,108647,139639,1605,0.4347775630174756,0.5587996366415757,0.006422800340948653,-0.12402207362410012,republican,George H.W. Bush,republican,0,3
1992,Delaware,DE,289620,3,126054,102313,61253,0.43523927905531384,0.35326634900904635,0.2114943719356398,0.08197293004626749,democrat,Bill Clinton,democrat,3,0
1996,Delaware,DE,270810,3,140355,99062,31393,0.518278497839814,0.3657988995975038,0.11592260256268232,0.15247959824231017,democrat,Bill Clinton,democrat,3,0
2000,Delaware,DE,327529,3,180068,137288,10173,0.5497772716309091,0.4191628832866708,0.03105984508242018,0.13061438834423827,democrat,Al Gore,democrat,3,0
2004,Delaware,DE,375190,3,200152,171660,3378,0.5334683760228152,0.4575281857192356,0.009003438257949305,0.07594019030357957,democrat,John Kerry,democrat,3,0
2008,Delaware,DE,412412,3,255459,152374,4579,0.6194266898150393,0.36947033548975294,0.011102974695207705,0.2499563543252864,democrat,Barack H. Obama,democrat,3,0
2012,Delaware,DE,413890,3,242584,165484,5822,0.5861074198458528,0.39982604073546113,0.014066539418686125,0.18628137911039166,democrat,Barack H. Obama,democrat,3,0
2016,Delaware,DE,441590,3,235603,185127,20860,0.5335333680563419,0.41922824339319276,0.04723838855046537,0.11430512466314913,democrat,Hillary Clinton,democrat,3,0
1976,District of Columbia,DC,168830,3,137818,27873,3139,0.8163122667772316,0.16509506604276492,0.018592667180003554,0.6512172007344667,democrat,Jimmy Carter,democrat,3,0
1980,District of Columbia,DC,173889,3,130231,23313,20345,0.7489317898199426,0.134068284940393,0.11699992523966439,0.6148635048795495,democrat,Jimmy Carter,democrat,3,0
1984,District of Columbia,DC,211288,3,180408,29009,1871,0.853848775131574,0.137296013024876,0.008855211843550035,0.7165527621066979,democrat,Walter Mondale,democrat,3,0
1988,District of Columbia,DC,192877,3,159407,27590,5880,0.8264697190437429,0.1430445309705149,0.03048574998574221,0.683425188073228,democrat,Michael Dukakis,democrat,3,0
1992,District of Columbia,DC,227572,3,192619,20698,14255,0.8464090485648498,0.09095143515019423,0.06263951628495597,0.7554576134146556,democrat,Bill Clinton,democrat,3,0
1996,District of Columbia,DC,185726,3,158220,17339,10167,0.8519001109160806,0.09335795742114728,0.05474193166277204,0.7585421534949334,democrat,Bill Clinton,democrat,3,0
2000,District of Columbia,DC,201894,3,171923,18073,11898,0.8515508137933767,0.08951727143946824,0.05893191476715504,0.7620335423539085,democrat,Al Gore,democrat,3,0
2004,District of Columbia,DC,227586,3,202970,21256,3360,0.8918386895503239,0.09339766066454,0.014763649785136168,0.7984410288857838,democrat,John Kerry,democrat,3,0
2008,District of Columbia,DC,265853,3,245800,17367,2686,0.9245710975614343,0.06532557465968035,0.010103327778885323,0.8592455229017539,democrat,Barack H. Obama,democrat,3,0
2012,District of Columbia,DC,293764,3,267070,21381,5313,0.9091311392818725,0.07278291417600523,0.01808594654212225,0.8363482251058673,democrat,Barack H. Obama,democrat,3,0
2016,District of Columbia,DC,312575,3,282830,12723,17022,0.9048388386787171,0.04070383108054067,0.05445733024074222,0.8641350075981764,democrat,Hillary Clinton,democrat,3,0
1976,Florida,FL,3150631,29,1636000,1469531,45100,0.5192610623078361,0.46642434483758966,0.014314592854574211,0.05283671747024643,democrat,Jimmy Carter,democrat,29,0
1980,Florida,FL,3686927,29,1419475,2046951,220501,0.38500219830769633,0.5551916270650328,0.0598061746272709,-0.17018942875733645,republican,Ronald Reagan,republican,0,29
1984,Florida,FL,4180051,29,1448816,2730350,885,0.3466024696827862,0.653185810412361,0.00021171990485283553,-0.3065833407295748,republican,Ronald Reagan,republican,0,29
1988,Florida,FL,4302313,29,1656701,2618885,26727,0.3850721693191546,0.6087155908926198,0.006212239788225543,-0.22364342157346523,republican,George H.W. Bush,republican,0,29
1992,Florida,FL,5313392,29,2071698,2173310,1068384,0.3899012156452978,0.4090249693604387,0.20107381499426355,-0.019123753715140912,republican,George H.W. Bush,republican,0,29
1996,Florida,FL,5303154,29,2546870,2244536,511748,0.4802557119781926,0.42324548749668595,0.09649880052512147,0.057010224481506666,democrat,Bill Clinton,democrat,29,0
2000,Florida,FL,5963110,29,2912253,2912790,138067,0.48837821204036147,0.4884682657204043,0.023153522239234225,-9.00536800428342e-05,republican,George W. Bush,republican,0,29
2004,Florida,FL,7609810,29,3583544,3964522,61744,0.4709111002771423,0.5209751623233695,0.008113737399488292,-0.05006406204622721,republican,George W. Bush,republican,0,29
2008,Florida,FL,8390744,29,4282074,4045624,63046,0.5103330527066491,0.4821531916597622,0.007513755633588631,0.028179861046886856,democrat,Barack H. Obama,democrat,29,0
2012,Florida,FL,8474179,29,4237756,4163447,72976,0.5000786506869869,0.49130977761975525,0.008611571693257837,0.00876887306723162,democrat,Barack H. Obama,democrat,29,0
2016,Florida,FL,9420039,29,4504975,4617886,297178,0.4782331580580505,0.49021941416590736,0.031547427776042115,-0.011986256107856863,republican,Donald J. Trump,republican,0,29
1976,Georgia,GA,1463152,16,979409,483743,0,0.6693829485931742,0.3306170514068258,0.0,0.33876589718634836,democrat,Jimmy Carter,democrat,16,0
1980,Georgia,GA,1596805,16,890955,654168,51682,0.5579610534786652,0.409673065903476,0.032365880617858785,0.14828798757518918,democrat,Jimmy Carter,democrat,16,0
1984,Georgia,GA,1776103,16,706628,1068722,753,0.3978530524412154,0.6017229856601785,0.00042396189860610564,-0.20386993321896307,republican,Ronald Reagan,republican,0,16
1988,Georgia,GA,1809672,16,714792,1081331,13549,0.394984284444916,0.5975287234371753,0.00748699211790866,-0.20254443899225932,republican,George H.W. Bush,republican,0,16
1992,Georgia,GA,2321133,16,1008966,995252,316915,0.4346868533599755,0.4287785318635339,0.13653461477649062,0.005908321496441604,democrat,Bill Clinton,democrat,16,0
1996,Georgia,GA,2298899,16,1053849,1080843,164207,0.4584146584952188,0.4701568011469838,0.07142854035779736,-0.011742142651765042,republican,Robert Dole,republican,0,16
2000,Georgia,GA,2583208,16,1116230,1419720,47258,0.4321099965624139,0.5495956965137921,0.01829430692379398,-0.11748569995137825,republican,George W. Bush,republican,0,16
2004,Georgia,GA,3301875,16,1366149,1914254,21472,0.41374946053378764,0.5797475676698846,0.006502971796327844,-0.16599810713609692,republican,George W. Bush,republican,0,16
2008,Georgia,GA,3924486,16,1844123,2048759,31604,0.46990179096065066,0.5220451799292952,0.008053029110054158,-0.052143388968644566,republican,John McCain,republican,0,16
2012,Georgia,GA,3897839,16,1773827,2078688,45324,0.45507959666882086,0.5332924217752452,0.011627981555933942,-0.0782128251064243,republican,Mitt Romney,republican,0,16
2016,Georgia,GA,4114732,16,1877963,2089104,147665,0.4563998335736082,0.50771326054771,0.03588690587868177,-0.05131342697410185,republican,Donald J. Trump,republican,0,16
1976,Hawaii,HI,291301,4,147375,140003,3923,0.5059199934088795,0.48061283689379714,0.013467169697323388,0.025307156515082363,democrat,Jimmy Carter,democrat,4,0
1980,Hawaii,HI,303287,4,135879,130112,37296,0.4480211812573569,0.42900618885741887,0.12297262988522423,0.019014992399938035,democrat,Jimmy Carter,democrat,4,0
1984,Hawaii,HI,335846,4,147154,185050,3642,0.43815915627996166,0.5509965877217534,0.010844255998284928,-0.11283743144179176,republican,Ronald Reagan,republican,0,4
1988,Hawaii,HI,354461,4,192364,158625,3472,0.5426944007944456,0.44751044543687457,0.00979515376867977,0.09518395535757107,democrat,Michael Dukakis,democrat,4,0
1992,Hawaii,HI,372842,4,179310,136822,56710,0.48092757790163126,0.3669704593366627,0.15210196276170604,0.11395711856496854,democrat,Bill Clinton,democrat,4,0
1996,Hawaii,HI,360120,4,205012,113943,41165,0.5692880151060757,0.3164028657114295,0.11430911918249473,0.25288514939464624,democrat,Bill Clinton,democrat,4,0
2000,Hawaii,HI,367951,4,205286,137845,24820,0.5579166791230354,0.3746286869719066,0.06745463390505801,0.18328799215112884,democrat,Al Gore,democrat,4,0
2004,Hawaii,HI,429013,4,231708,194191,3114,0.5400955215809311,0.45264595711551864,0.007258521303550242,0.08744956446541247,democrat,John Kerry,democrat,4,0
2008,Hawaii,HI,456064,4,325871,120566,9627,0.7145291011787819,0.2643620193657031,0.021108879455515015,0.4501670818130788,democrat,Barack H. Obama,democrat,4,0
2012,Hawaii,HI,437159,4,306658,121015,9486,0.7014793244563191,0.2768214768539593,0.02169919868972159,0.4246578476023598,democrat,Barack H. Obama,democrat,4,0
2016,Hawaii,HI,437664,4,266891,128847,41926,0.6098079805512905,0.29439707172625573,0.09579494772245375,0.31541090882503475,democrat,Hillary Clinton,democrat,4,0
1976,Idaho,ID,340932,4,126549,204151,10232,0.37118545633733413,0.5988026937923104,0.030011849870355378,-0.2276172374549763,republican,Gerald Ford,republican,0,4
1980,Idaho,ID,437431,4,110192,290699,36540,0.25190715792890767,0.6645596676961624,0.08353317437492999,-0.4126525097672547,republican,Ronald Reagan,republican,0,4
1984,Idaho,ID,411144,4,108510,297523,5111,0.2639221294728854,0.723646702858366,0.012431167668748662,-0.45972457338548056,republican,Ronald Reagan,republican,0,4
1988,Idaho,ID,408968,4,147272,253881,7815,0.36010641419377554,0.6207845112576045,0.01910907454861994,-0.26067809706382894,republican,George H.W. Bush,republican,0,4
1992,Idaho,ID,482114,4,137013,202645,142456,0.2841921205358069,0.4203258980241188,0.2954819814400743,-0.1361337774883119,republican,George H.W. Bush,republican,0,4
1996,Idaho,ID,491711,4,165443,256595,69673,0.3364638985094903,0.521841081448249,0.1416950200422606,-0.1853771829387587,republican,Robert Dole,republican,0,4
2000,Idaho,ID,501615,4,138637,336937,26041,0.27638128843834414,0.6717043948047806,0.051914316756875294,-0.39532310636643647,republican,George W. Bush,republican,0,4
2004,Idaho,ID,598376,4,181098,409235,8043,0.3026491704212736,0.6839094482399026,0.013441381338823749,-0.38126027781862903,republican,George W. Bush,republican,0,4
2008,Idaho,ID,655122,4,236440,403012,15670,0.3609098763283785,0.6151709147303861,0.02391920894123537,-0.2542610384020076,republican,John McCain,republican,0,4
2012,Idaho,ID,652274,4,212787,420911,18576,0.3262233355920978,0.6452978349589283,0.028478829448973897,-0.3190744993668305,republican,Mitt Romney,republican,0,4
2016,Idaho,ID,690255,4,189765,409055,91435,0.27492013820979205,0.5926143236919689,0.13246553809823905,-0.3176941854821768,republican,Donald J. Trump,republican,0,4
1976,Illinois,IL,4721282,20,2271295,2364269,85718,0.48107590268914247,0.5007684353529401,0.018155661957917364,-0.01969253266379767,republican,Gerald Ford,republican,0,20
1980,Illinois,IL,4749721,20,1981413,2358049,410259,0.41716408184817594,0.49646052894475273,0.08637538920707132,-0.0792964470965768,republican,Ronald Reagan,republican,0,20
1984,Illinois,IL,4819088,20,2086499,2707103,25486,0.43296553206747834,0.5617459154097206,0.0052885525228009945,-0.1287803833422423,republican,Ronald Reagan,republican,0,20
1988,Illinois,IL,4559120,20,2215940,2310939,32241,0.4860455526505115,0.5068826878871361,0.007071759462352384,-0.02083713523662456,republican,George H.W. Bush,republican,0,20
1992,Illinois,IL,5050157,20,2453350,1734096,862711,0.48579677819917283,0.3433746713220995,0.1708285504787277,0.14242210687707335,democrat,Bill Clinton,democrat,20,0
1996,Illinois,IL,4311391,20,2341744,1587021,382626,0.5431527783028726,0.3680995298269166,0.0887476918702108,0.17505324847595594,democrat,Bill Clinton,democrat,20,0
2000,Illinois,IL,4742108,20,2589026,2019421,133661,0.545965212095549,0.42584879973210227,0.02818598817234867,0.12011641236344678,democrat,Al Gore,democrat,20,0
2004,Illinois,IL,5274322,20,2891550,2345946,36826,0.5482316020902781,0.4447862682634849,0.006982129646236995,0.10344533382679322,democrat,John Kerry,democrat,20,0
2008,Illinois,IL,5522371,20,3419348,2031179,71844,0.6191811452001323,0.36780922542147204,0.01300962937839562,0.2513719197786603,democrat,Barack H. Obama,democrat,20,0
2012,Illinois,IL,5242014,20,3019512,2135216,87286,0.5760213536247709,0.407327412708169,0.016651233667060027,0.1686939409166019,democrat,Barack H. Obama,democrat,20,0
2016,Illinois,IL,5536424,20,3090729,2146015,299680,0.558253666987933,0.3876175307382527,0.05412880227381429,0.17063613624968027,democrat,Hillary Clinton,democrat,20,0
1976,Indiana,IN,2220362,11,1014714,1183958,21690,0.45700385792947273,0.5332274647107094,0.009768677359817903,-0.07622360678123663,republican,Gerald Ford,republican,0,11
1980,Indiana,IN,2242033,11,844197,1255656,142180,0.3765319243739945,0.5600524167128673,0.0634156589131382,-0.1835204923388728,republican,Ronald Reagan,republican,0,11
1984,Indiana,IN,2233069,11,841481,1377230,14358,0.3768271378985602,0.6167431458678617,0.006429716233578094,-0.23991600796930151,republican,Ronald Reagan,republican,0,11
1988,Indiana,IN,2168621,11,860643,1297763,10215,0.39686187674102574,0.5984277566250626,0.0047103666339115965,-0.2015658798840369,republican,George H.W. Bush,republican,0,11
1992,Indiana,IN,2305871,11,848420,989375,468076,0.3679390564346401,0.42906780127769506,0.20299314228766482,-0.06112874484305497,republican,George H.W. Bush,republican,0,11
1996,Indiana,IN,2135431,11,887424,1006693,241314,0.41557137645749265,0.4714238015651173,0.11300482197739005,-0.05585242510762467,republican,Robert Dole,republican,0,11
2000,Indiana,IN,2199302,11,901980,1245836,51486,0.4101210293083897,0.566468816015263,0.023410154676347314,-0.15634778670687333,republican,George W. Bush,republican,0,11
2004,Indiana,IN,2468002,11,969011,1479438,19553,0.39262974665336575,0.5994476503665718,0.007922602980062416,-0.20681790371320602,republican,George W. Bush,republican,0,11
2008,Indiana,IN,2751054,11,1374039,1345648,31367,0.4994591163968428,0.4891390717884854,0.011401811814671758,0.010320044608357393,democrat,Barack H. Obama,democrat,11,0
2012,Indiana,IN,2624534,11,1152887,1420543,51104,0.43927302904058396,0.5412553238022445,0.01947164715717152,-0.10198229476166054,republican,Mitt Romney,republican,0,11
2016,Indiana,IN,2734958,11,1033126,1557286,144546,0.37774839686752043,0.5694003344841128,0.05285126864836681,-0.19165193761659233,republican,Donald J. Trump,republican,0,11
1976,Iowa,IA,1279303,6,619931,632864,26508,0.48458496540694423,0.49469437654722925,0.020720658045826516,-0.010109411140285018,republican,Gerald Ford,republican,0,6
1980,Iowa,IA,1317661,6,508672,676026,132963,0.3860416298273987,0.5130500181761469,0.10090835199645433,-0.12700838834874822,republican,Ronald Reagan,republican,0,6
1984,Iowa,IA,1319805,6,605620,703088,11097,0.4588708180375131,0.5327211216808544,0.008408060281632514,-0.07385030364334128,republican,Ronald Reagan,republican,0,6
1988,Iowa,IA,1225614,6,670557,545355,9702,0.5471192398259158,0.4449647278833303,0.007916032290753858,0.10215451194258551,democrat,Michael Dukakis,democrat,6,0
1992,Iowa,IA,1354607,6,586353,504891,263363,0.43285838623305506,0.37272138708865377,0.1944202266782912,0.06013699914440129,democrat,Bill Clinton,democrat,6,0
1996,Iowa,IA,1234075,6,620258,492644,121173,0.5026096469015254,0.3992010210076373,0.09818933209083727,0.1034086258938881,democrat,Bill Clinton,democrat,6,0
2000,Iowa,IA,1353022,6,638517,634373,80132,0.4719191557860848,0.4688563822317745,0.05922446198214072,0.003062773554310283,democrat,Al Gore,democrat,6,0
2004,Iowa,IA,1506908,6,741898,751957,13053,0.4923313168421695,0.4990065750530225,0.00866210810480799,-0.0066752582108529634,republican,George W. Bush,republican,0,6
2008,Iowa,IA,1537123,6,828940,682379,25804,0.5392802007386527,0.4439325935530208,0.01678720570832653,0.0953476071856319,democrat,Barack H. Obama,democrat,6,0
2012,Iowa,IA,1582180,6,822544,730617,29019,0.5198801653414908,0.46177868510536096,0.018341149553148188,0.05810148023612988,democrat,Barack H. Obama,democrat,6,0
2016,Iowa,IA,1565580,6,653669,800983,110928,0.41752513445496237,0.5116206134467737,0.0708542520982639,-0.09409547899181131,republican,Donald J. Trump,republican,0,6
1976,Kansas,KS,957845,6,430421,502752,24672,0.44936393675385894,0.5248782423043394,0.025757820941801648,-0.0755143055504805,republican,Gerald Ford,republican,0,6
1980,Kansas,KS,979795,6,326150,566812,86833,0.33287575462214036,0.578500604718334,0.08862364065952572,-0.24562485009619361,republican,Ronald Reagan,republican,0,6
1984,Kansas,KS,1021991,6,333149,677296,11546,0.32598036577621525,0.66272207876586,0.011297555457924777,-0.3367417129896447,republican,Ronald Reagan,republican,0,6
1988,Kansas,KS,993044,6,422636,554049,16359,0.4255964488985382,0.5579299608073761,0.01647359029408566,-0.1323335119088379,republican,George H.W. Bush,republican,0,6
1992,Kansas,KS,1157236,6,390434,449951,316851,0.3373849413602757,0.38881524598266903,0.2737998126570553,-0.05143030462239334,republican,George H.W. Bush,republican,0,6
1996,Kansas,KS,1074300,6,387659,583245,103396,0.3608479940426324,0.542907009215303,0.0962449967420646,-0.1820590151726706,republican,Robert Dole,republican,0,6
2000,Kansas,KS,1072216,6,399276,622332,50608,0.3723839226424526,0.580416632469577,0.047199444887970336,-0.20803270982712435,republican,George W. Bush,republican,0,6
2004,Kansas,KS,1187756,6,434993,736456,16307,0.3662309430556444,0.620039806155473,0.013729250788882565,-0.25380886309982864,republican,George W. Bush,republican,0,6
2008,Kansas,KS,1235872,6,514765,699655,21452,0.41651967194013617,0.5661225434349189,0.01735778462494498,-0.14960287149478269,republican,John McCain,republican,0,6
2012,Kansas,KS,1159971,6,440726,692634,26611,0.3799457055391902,0.5971132036921613,0.022941090768648528,-0.21716749815297104,republican,Mitt Romney,republican,0,6
2016,Kansas,KS,1184402,6,427005,671018,86379,0.36052370732234496,0.5665458180583958,0.07293047461925933,-0.2060221107360508,republican,Donald J. Trump,republican,0,6
1976,Kentucky,KY,1167142,8,615717,531852,19573,0.5275424926872652,0.45568748275702525,0.016770024555709587,0.07185500993023991,democrat,Jimmy Carter,democrat,8,0
1980,Kentucky,KY,1295627,8,617417,635274,42936,0.4765391582608266,0.4903216743707873,0.03313916736838612,-0.013782516109960674,republican,Ronald Reagan,republican,0,8
1984,Kentucky,KY,1369345,8,539539,821702,8104,0.39401246581394755,0.6000693762346231,0.005918157951429333,-0.20605691042067553,republican,Ronald Reagan,republican,0,8
1988,Kentucky,KY,1322517,8,580368,734281,7868,0.4388359469103233,0.5552147911898297,0.0059492618998470345,-0.11637884427950645,republican,George H.W. Bush,republican,0,8
1992,Kentucky,KY,1492900,8,665104,617178,210618,0.4455114207247639,0.4134088016611963,0.14107977761403978,0.032102619063567595,democrat,Bill Clinton,democrat,8,0
1996,Kentucky,KY,1388708,8,636614,623283,128811,0.4584217848532593,0.4488222146052302,0.09275600054151052,0.009599570248029099,democrat,Bill Clinton,democrat,8,0
2000,Kentucky,KY,1544106,8,638923,872520,32663,0.4137818258591055,0.565064833631888,0.021153340509006507,-0.15128300777278247,republican,George W. Bush,republican,0,8
2004,Kentucky,KY,1795882,8,712733,1069439,13710,0.39687072981409693,0.5954951383220055,0.007634131863897517,-0.19862440850790858,republican,George W. Bush,republican,0,8
2008,Kentucky,KY,1826620,8,751985,1048462,26173,0.4116811378392879,0.5739902114287592,0.014328650731953007,-0.16230907358947128,republican,John McCain,republican,0,8
2012,Kentucky,KY,1797212,8,679370,1087190,30652,0.37801327834445797,0.6049314159932162,0.017055305662325868,-0.22691813764875823,republican,Mitt Romney,republican,0,8
2016,Kentucky,KY,1924149,8,628854,1202971,92324,0.3268218833364776,0.6251963855190009,0.047981731144521554,-0.2983745021825233,republican,Donald J. Trump,republican,0,8
1976,Louisiana,LA,1277383,8,661365,587446,28572,0.5177499622274604,0.45988243150253294,0.022367606270006724,0.05786753072492745,democrat,Jimmy Carter,democrat,8,0
1980,Louisiana,LA,1548591,8,708453,792853,47285,0.45748231779727505,0.5119834740095996,0.030534208193125235,-0.0545011562123246,republican,Ronald Reagan,republican,0,8
1984,Louisiana,LA,1706822,8,651586,1037299,17937,0.38175392630280136,0.6077370692433072,0.010509004453891501,-0.2259831429405058,republican,Ronald Reagan,republican,0,8
1988,Louisiana,LA,1628202,8,717460,883702,27040,0.4406455710040892,0.5427471529945301,0.016607276001380664,-0.10210158199044095,republican,George H.W. Bush,republican,0,8
1992,Louisiana,LA,1790017,8,815971,733386,240660,0.4558453914124838,0.40970895807134794,0.13444565051616827,0.046136433341135874,democrat,Bill Clinton,democrat,8,0
1996,Louisiana,LA,1783959,8,927837,712586,143536,0.5200999574541791,0.3994407943231879,0.08045924822263292,0.12065916313099123,democrat,Bill Clinton,democrat,8,0
2000,Louisiana,LA,1765656,8,792344,927871,45441,0.44875332454339917,0.5255106317425365,0.02573604371406435,-0.07675730719913737,republican,George W. Bush,republican,0,8
2004,Louisiana,LA,1943106,8,820299,1102169,20638,0.4221586470321228,0.5672202134108999,0.010621139556977334,-0.1450615663787771,republican,George W. Bush,republican,0,8
2008,Louisiana,LA,1960761,8,782989,1148275,29497,0.3993291380234511,0.5856272131075638,0.015043648868985052,-0.18629807508411272,republican,John McCain,republican,0,8
2012,Louisiana,LA,1994065,8,809141,1152262,32662,0.4057746362330215,0.5778457572847425,0.016379606482236034,-0.172071121051721,republican,Mitt Romney,republican,0,8
2016,Louisiana,LA,2029032,8,780154,1178638,70240,0.3844956609851397,0.580886846535688,0.03461749247917233,-0.1963911855505483,republican,Donald J. Trump,republican,0,8
1976,Maine,ME,482968,4,232279,236320,14369,0.480940766261947,0.489307780225605,0.02975145351244803,-0.008367013963658021,republican,Gerald Ford,republican,0,4
1980,Maine,ME,523011,4,220974,238522,63515,0.42250354199051265,0.45605541757247936,0.12144104043700801,-0.033551875581966706,republican,Ronald Reagan,republican,0,4
1984,Maine,ME,553144,4,214515,336500,2129,0.3878104074165136,0.6083406852465181,0.003848907336968312,-0.22053027783000445,republican,Ronald Reagan,republican,0,4
1988,Maine,ME,555035,4,243569,307131,4335,0.4388353887592674,0.5533542929725153,0.00781031826821732,-0.11451890421324784,republican,George H.W. Bush,republican,0,4
1992,Maine,ME,679499,4,263420,206504,209575,0.3876679730212995,0.30390626034769735,0.30842576663100313,0.08376171267360216,democrat,Bill Clinton,democrat,4,0
1996,Maine,ME,605897,4,312788,186378,106731,0.5162395588689167,0.3076067384390416,0.17615370269204172,0.20863282042987508,democrat,Bill Clinton,democrat,4,0
2000,Maine,ME,651817,4,319951,286616,45250,0.4908601647394898,0.43971850994987854,0.06942132531063167,0.051141654789611246,democrat,Al Gore,democrat,4,0
2004,Maine,ME,740752,4,396842,330201,13709,0.5357285569259347,0.44576457437846945,0.018506868695595827,0.08996398254746524,democrat,John Kerry,democrat,4,0
2008,Maine,ME,731163,4,421923,295273,13967,0.5770573729797597,0.40384018337908234,0.01910244364115799,0.17321718960067733,democrat,Barack H. Obama,democrat,4,0
2012,Maine,ME,724758,4,401306,292276,31176,0.5537103419348252,0.40327392039825705,0.04301573766691778,0.1504364215365681,democrat,Barack H. Obama,democrat,4,0
2016,Maine,ME,771892,4,357735,335593,78564,0.4634521409730895,0.43476678084498865,0.10178107818192182,0.028685360128100856,democrat,Hillary Clinton,democrat,3,1
1976,Maryland,MD,1432273,10,759612,672661,0,0.5303541992343639,0.46964580076563617,0.0,0.06070839846872772,democrat,Jimmy Carter,democrat,10,0
1980,Maryland,MD,1540496,10,726161,680606,133729,0.4713812953749961,0.44180965091762653,0.08680905370737736,0.029571644457369595,democrat,Jimmy Carter,democrat,10,0
1984,Maryland,MD,1675873,10,787935,879918,8020,0.4701639086016661,0.5250505259050059,0.004785565493327955,-0.05488661730333977,republican,Ronald Reagan,republican,0,10
1988,Maryland,MD,1714358,10,826304,876167,11887,0.48199034274054775,0.511075866300971,0.0069337909584812505,-0.029085523560423265,republican,George H.W. Bush,republican,0,10
1992,Maryland,MD,1984580,10,988571,707094,288915,0.4981260518598394,0.3562940269477673,0.14557992119239335,0.14183202491207209,democrat,Bill Clinton,democrat,10,0
1996,Maryland,MD,1780870,10,966207,681530,133133,0.5425477435186173,0.38269497492798465,0.07475728155339806,0.1598527685906327,democrat,Bill Clinton,democrat,10,0
2000,Maryland,MD,2025212,10,1144008,813827,67377,0.5648830838450493,0.40184780655062285,0.03326910960432784,0.1630352772944264,democrat,Al Gore,democrat,10,0
2004,Maryland,MD,2384238,10,1334493,1024703,25042,0.5597146761355201,0.4297821777859425,0.010503146078537461,0.12993249834957754,democrat,John Kerry,democrat,10,0
2004,Maryland,MD,2384238,10,7,1024703,1359528,2.9359485084962155e-06,0.4297821777859425,0.570214886265549,-0.42977924183743405,republican,George W. Bush,republican,0,10
2008,Maryland,MD,2631596,10,1629467,959862,42267,0.6191934476264593,0.364745196451127,0.016061355922413624,0.2544482511753323,democrat,Barack H. Obama,democrat,10,0
2012,Maryland,MD,2707327,10,1677844,971869,57614,0.6197419077931849,0.3589773233894539,0.021280768817361184,0.26076458440373107,democrat,Barack H. Obama,democrat,10,0
2016,Maryland,MD,2781446,10,1677928,943169,160349,0.6032574423519277,0.3390930472854767,0.05764951036259557,0.264164395066451,democrat,Hillary Clinton,democrat,10,0
1976,Massachusetts,MA,2547558,11,1429475,1030276,87807,0.5611157822510813,0.40441709276098914,0.034467124987929615,0.15669868949009214,democrat,Jimmy Carter,democrat,11,0
1980,Massachusetts,MA,2524090,11,1053802,1057631,412657,0.41749779128319514,0.41901477364119344,0.16348743507561142,-0.0015169823579982977,republican,Ronald Reagan,republican,0,11
1984,Massachusetts,MA,2559383,11,1239606,1310936,8841,0.4843378267340214,0.5122078250890938,0.0034543481768848196,-0.027869998355072367,republican,Ronald Reagan,republican,0,11
1988,Massachusetts,MA,2632801,11,1401415,1194635,36751,0.5322905149306765,0.4537505873022686,0.013958897767054935,0.07853992762840789,democrat,Michael Dukakis,democrat,11,0
1992,Massachusetts,MA,2773664,11,1318639,805039,649986,0.47541410927927824,0.2902438795758967,0.23434201114482503,0.18517022970338154,democrat,Bill Clinton,democrat,11,0
1996,Massachusetts,MA,2556459,11,1571509,718058,266892,0.614720987115381,0.2808799202334166,0.10439909265120231,0.3338410668819644,democrat,Bill Clinton,democrat,11,0
2000,Massachusetts,MA,2733964,11,1616487,878502,238975,0.5912612602067913,0.32132902993601964,0.08740970985718904,0.2699322302707716,democrat,Al Gore,democrat,11,0
2004,Massachusetts,MA,2927455,11,1803800,1071109,52546,0.616166602048537,0.3658840187124994,0.017949379238963538,0.2502825833360376,democrat,John Kerry,democrat,11,0
2008,Massachusetts,MA,3102995,11,1904097,1108854,90044,0.6136319910280229,0.3573495928933176,0.02901841607865949,0.2562823981347053,democrat,Barack H. Obama,democrat,11,0
2012,Massachusetts,MA,3184196,11,1921290,1188314,74592,0.6033830832021647,0.37319122315334863,0.023425693644486708,0.2301918600488161,democrat,Barack H. Obama,democrat,11,0
2016,Massachusetts,MA,3378821,11,1995196,1090893,292732,0.5905006509667129,0.3228620279085515,0.08663732112473552,0.2676386230581614,democrat,Hillary Clinton,democrat,11,0
1976,Michigan,MI,3651590,16,1696714,1893742,61134,0.46465074118397737,0.518607510700818,0.01674174811520461,-0.05395676951684064,republican,Gerald Ford,republican,0,16
1980,Michigan,MI,3909725,16,1661532,1915225,332968,0.42497413500949555,0.48986181892588354,0.08516404606462091,-0.064887683916388,republican,Ronald Reagan,republican,0,16
1984,Michigan,MI,3801658,16,1529638,2251571,20449,0.4023607594370667,0.5922602717025045,0.005378968860428792,-0.18989951226543783,republican,Ronald Reagan,republican,0,16
1988,Michigan,MI,3669163,16,1675783,1965486,27894,0.4567207834593339,0.5356769377648254,0.007602278775840703,-0.07895615430549147,republican,George H.W. Bush,republican,0,16
1992,Michigan,MI,4274673,16,1871182,1554940,848551,0.43773687484399393,0.36375647915056897,0.19850664600543713,0.07398039569342496,democrat,Bill Clinton,democrat,16,0
1996,Michigan,MI,3848844,16,1989653,1481212,377979,0.5169482057469723,0.3848459433533809,0.09820585089964676,0.1321022623935914,democrat,Bill Clinton,democrat,16,0
2000,Michigan,MI,4232501,16,2170418,1953139,108944,0.5127979887069135,0.46146214732140645,0.025739863971680103,0.051335841385507064,democrat,Al Gore,democrat,16,0
2004,Michigan,MI,4839252,16,2479183,2313746,46323,0.5123070672905647,0.4781205855781017,0.00957234713133352,0.034186481712463024,democrat,John Kerry,democrat,16,0
2008,Michigan,MI,5001596,16,2872579,2048639,80378,0.5743324730745946,0.40959705661952706,0.016070470305878364,0.1647354164550675,democrat,Barack H. Obama,democrat,16,0
2012,Michigan,MI,4730961,16,2564569,2115256,51136,0.5420820421051875,0.4471091602742022,0.010808797620610273,0.09497288183098529,democrat,Barack H. Obama,democrat,16,0
2016,Michigan,MI,4799284,16,2268839,2279543,250902,0.4727453095086684,0.47497564219996147,0.05227904829137013,-0.00223033269129308,republican,Donald J. Trump,republican,0,16
1976,Minnesota,MN,1949931,10,1070440,819395,60096,0.5489630145887213,0.4202174333348206,0.03081955207645809,0.12874558125390073,democrat,Jimmy Carter,democrat,10,0
1980,Minnesota,MN,2051916,10,954173,873268,224475,0.4650156244212726,0.4255866224543305,0.10939775312439691,0.0394290019669421,democrat,Jimmy Carter,democrat,10,0
1984,Minnesota,MN,2084449,10,1036364,1032603,15482,0.49718846563288427,0.49538415187898577,0.007427382488129956,0.001804313753898501,democrat,Walter Mondale,democrat,10,0
1988,Minnesota,MN,2096790,10,1109471,962337,24982,0.5291283342633263,0.4589572632452463,0.011914402491427372,0.07017107101807996,democrat,Michael Dukakis,democrat,10,0
1992,Minnesota,MN,2347948,10,1020997,747841,579110,0.4348465127847806,0.3185083315303405,0.24664515568487888,0.11633818125444007,democrat,Bill Clinton,democrat,10,0
1996,Minnesota,MN,2192492,10,1120380,766395,305717,0.5110075658200806,0.3495542971194422,0.1394381370604773,0.16145326870063836,democrat,Bill Clinton,democrat,10,0
2000,Minnesota,MN,2438685,10,1168266,1109659,160760,0.479055720603522,0.4550235065209324,0.06592077287554564,0.024032214082589598,democrat,Al Gore,democrat,10,0
2004,Minnesota,MN,2828387,10,1445014,1346695,36678,0.5108968468600654,0.47613533791521456,0.012967815224719955,0.03476150894485086,democrat,John Kerry,democrat,10,0
2008,Minnesota,MN,2910369,10,1573354,1275409,61606,0.5406029269827984,0.43822931044139074,0.021167762575810833,0.1023736165414077,democrat,Barack H. Obama,democrat,10,0
2012,Minnesota,MN,2936561,10,1546167,1320225,70169,0.5265230315324626,0.4495820110666865,0.02389495740085086,0.07694102046577611,democrat,Barack H. Obama,democrat,10,0
2016,Minnesota,MN,2944782,10,1367705,1322949,254128,0.4644503396176695,0.4492519310427733,0.08629772933955722,0.015198408574896238,democrat,Hillary Clinton,democrat,10,0
1976,Mississippi,MS,768390,6,381329,366846,20215,0.4962701232447065,0.4774216218326631,0.026308254922630434,0.01884850141204336,democrat,Jimmy Carter,democrat,6,0
1980,Mississippi,MS,891750,6,429281,441089,21380,0.48139164564059433,0.49463302495093914,0.023975329408466497,-0.013241379310344803,republican,Ronald Reagan,republican,0,6
1984,Mississippi,MS,941104,6,352192,582377,6535,0.3742328159268264,0.6188232118873154,0.006943972185858311,-0.24459039596048898,republican,Ronald Reagan,republican,0,6
1988,Mississippi,MS,931527,6,363921,557890,9716,0.39067144591622144,0.5988983679485405,0.010430186135238162,-0.20822692203231902,republican,George H.W. Bush,republican,0,6
1992,Mississippi,MS,981793,6,400258,487793,93742,0.40768064143867394,0.4968389467026145,0.09548041185871156,-0.08915830526394058,republican,George H.W. Bush,republican,0,6
1996,Mississippi,MS,893857,6,394022,439838,59997,0.4408110022072882,0.4920675231049262,0.06712147468778563,-0.05125652089763799,republican,Robert Dole,republican,0,6
2000,Mississippi,MS,994184,6,404614,572844,16726,0.40698100150475164,0.5761951509982056,0.016823847497042802,-0.16921414949345398,republican,George W. Bush,republican,0,6
2004,Mississippi,MS,1139824,6,457766,672660,9398,0.40161112592821346,0.5901437414899142,0.008245132581872289,-0.18853261556170076,republican,George W. Bush,republican,0,6
2008,Mississippi,MS,1289865,6,554662,724597,10606,0.43001554426238403,0.5617618898101739,0.008222565927442018,-0.1317463455477899,republican,John McCain,republican,0,6
2012,Mississippi,MS,1285584,6,562949,710746,11889,0.4378935954398935,0.5528584674358112,0.009247937124295261,-0.11496487199591776,republican,Mitt Romney,republican,0,6
2016,Mississippi,MS,1209357,6,485131,700714,23512,0.40114788271784096,0.5794103808883564,0.01944173639380266,-0.17826249817051543,republican,Donald J. Trump,republican,0,6
1976,Missouri,MO,1953600,10,998387,927443,27770,0.5110498566748567,0.47473536036036035,0.014214782964782964,0.03631449631449635,democrat,Jimmy Carter,democrat,10,0
1980,Missouri,MO,2099824,10,931182,1074181,94461,0.4434571659339068,0.511557635306578,0.04498519875951508,-0.06810046937267122,republican,Ronald Reagan,republican,0,10
1984,Missouri,MO,2122771,10,848583,1274188,0,0.39975249332122964,0.6002475066787704,0.0,-0.20049501335754072,republican,Ronald Reagan,republican,0,10
1988,Missouri,MO,2093228,10,1001619,1084953,6656,0.4785044916272857,0.5183157305367595,0.0031797778359548027,-0.0398112389094738,republican,George H.W. Bush,republican,0,10
1992,Missouri,MO,2391270,10,1053873,811159,526238,0.4407168575694087,0.3392168178415654,0.22006632458902592,0.10150003972784333,democrat,Bill Clinton,democrat,10,0
1996,Missouri,MO,2158065,10,1025935,890016,242114,0.4753957827961623,0.41241389856190613,0.11219031864193155,0.06298188423425616,democrat,Bill Clinton,democrat,10,0
2000,Missouri,MO,2359892,10,1111138,1189924,58830,0.47084273348102373,0.5042281595937441,0.02492910692523217,-0.033385426112720384,republican,George W. Bush,republican,0,10
2004,Missouri,MO,2731364,10,1259171,1455713,16480,0.46100446516831883,0.5329619193926551,0.006033615439026069,-0.0719574542243363,republican,George W. Bush,republican,0,10
2008,Missouri,MO,2925205,10,1441911,1445814,37480,0.49292647865705136,0.49426074411878823,0.012812777224160358,-0.001334265461736872,republican,John McCain,republican,0,10
2012,Missouri,MO,2757323,10,1223796,1482440,51087,0.4438348354545333,0.5376374113587709,0.018527753186695937,-0.09380257590423757,republican,Mitt Romney,republican,0,10
2016,Missouri,MO,2808605,10,1071068,1594511,143026,0.3813523083523671,0.5677234783816165,0.050924213266016406,-0.1863711700292494,republican,Donald J. Trump,republican,0,10
1976,Montana,MT,328734,3,149259,173703,5772,0.4540418697183741,0.5283998612860246,0.017558268995601308,-0.07435799156765044,republican,Gerald Ford,republican,0,3
1980,Montana,MT,363952,3,118032,206814,39106,0.32430650195630195,0.5682452631116192,0.10744823493207896,-0.2439387611553172,republican,Ronald Reagan,republican,0,3
1984,Montana,MT,384377,3,146742,232450,5185,0.381765818454278,0.6047448208399566,0.013489360705765433,-0.22297900238567864,republican,Ronald Reagan,republican,0,3
1988,Montana,MT,365674,3,168936,190412,6326,0.46198526556440983,0.5207151725307241,0.017299561904866083,-0.05872990696631425,republican,George H.W. Bush,republican,0,3
1992,Montana,MT,410583,3,154507,144207,111869,0.3763112452293446,0.3512249654759208,0.2724637892947346,0.025086279753423812,democrat,Bill Clinton,democrat,3,0
1996,Montana,MT,407083,3,167922,179652,59509,0.41250064483164367,0.44131540742305625,0.1461839477453001,-0.02881476259141258,republican,Robert Dole,republican,0,3
2000,Montana,MT,410986,3,137126,240178,33682,0.3336512679264014,0.584394602249225,0.08195412982437358,-0.25074333432282364,republican,George W. Bush,republican,0,3
2004,Montana,MT,450434,3,173710,266063,10661,0.3856502839483698,0.5906814316858852,0.023668284365745036,-0.20503114773751535,republican,George W. Bush,republican,0,3
2008,Montana,MT,490109,3,231667,242763,15679,0.4726846477008176,0.495324509445858,0.031990842853324465,-0.0226398617450404,republican,John McCain,republican,0,3
2012,Montana,MT,484048,3,201839,267928,14281,0.41698137374805805,0.553515353849205,0.029503272402736917,-0.13653398010114698,republican,Mitt Romney,republican,0,3
2016,Montana,MT,494526,3,177709,279240,37577,0.35935218775150346,0.5646619186857719,0.07598589356272471,-0.2053097309342684,republican,Donald J. Trump,republican,0,3
1976,Nebraska,NE,606749,5,233293,359219,14237,0.38449671940126806,0.5920388826351588,0.023464397963573077,-0.20754216323389074,republican,Gerald Ford,republican,0,5
1980,Nebraska,NE,639533,5,166424,419214,53895,0.2602273846697512,0.6555001852914548,0.08427243003879394,-0.3952728006217036,republican,Ronald Reagan,republican,0,5
1984,Nebraska,NE,652090,5,187866,460054,4170,0.28809826864389887,0.7055069085555675,0.0063948228005336685,-0.41740863991166866,republican,Ronald Reagan,republican,0,5
1988,Nebraska,NE,661465,5,259235,397956,4274,0.39191038074576884,0.6016282040621953,0.00646141519203586,-0.20971782331642647,republican,George H.W. Bush,republican,0,5
1992,Nebraska,NE,737546,5,216864,343678,177004,0.29403454157435605,0.4659750035929962,0.23999045483264772,-0.17194046201864016,republican,George H.W. Bush,republican,0,5
1996,Nebraska,NE,677415,5,236761,363467,77187,0.34950658016134867,0.5365499730593506,0.11394344677930072,-0.18704339289800193,republican,Robert Dole,republican,0,5
2000,Nebraska,NE,697019,5,231780,433862,31377,0.33253039013283714,0.6224536203460738,0.045015989521089095,-0.2899232302132366,republican,George W. Bush,republican,0,5
2004,Nebraska,NE,778186,5,254328,512814,11044,0.3268216082016382,0.6589864119889075,0.014191979809454296,-0.3321648037872693,republican,George W. Bush,republican,0,5
2008,Nebraska,NE,801281,5,333319,452979,14983,0.415982657769247,0.5653185336979162,0.018698808532836796,-0.1493358759286692,republican,John McCain,republican,1,4
2012,Nebraska,NE,794379,5,302081,475064,17234,0.38027314417928976,0.5980319217904804,0.021694934030229904,-0.2177587776111906,republican,Mitt Romney,republican,0,5
2016,Nebraska,NE,844227,5,284494,495961,63772,0.33698756377135536,0.5874735112712576,0.07553892495738705,-0.2504859474999022,republican,Donald J. Trump,republican,0,5
1976,Nevada,NV,201876,6,92479,101273,8124,0.4580980403812241,0.5016594345043492,0.04024252511442668,-0.04356139412312515,republican,Gerald Ford,republican,0,6
1980,Nevada,NV,243692,6,66666,155017,22009,0.2735666332912037,0.6361185430789685,0.09031482362982782,-0.36255190978776486,republican,Ronald Reagan,republican,0,6
1984,Nevada,NV,282717,6,91655,188770,2292,0.32419345140193195,0.6676995016217631,0.008107046976304927,-0.3435060502198311,republican,Ronald Reagan,republican,0,6
1988,Nevada,NV,343133,6,132738,206040,4355,0.38684125397440644,0.6004668743606706,0.012691871664922931,-0.21362562038626415,republican,George H.W. Bush,republican,0,6
1992,Nevada,NV,506318,6,189148,175828,141342,0.3735754999822246,0.34726792253089955,0.27915657748687583,0.02630757745132506,democrat,Bill Clinton,democrat,6,0
1996,Nevada,NV,464279,6,203974,199244,61061,0.43933496884416484,0.4291471292046377,0.13151790195119745,0.01018783963952713,democrat,Bill Clinton,democrat,6,0
2000,Nevada,NV,609426,6,279978,301575,27873,0.4594126276200884,0.49485089247915254,0.045736479900759075,-0.03543826485906415,republican,George W. Bush,republican,0,6
2004,Nevada,NV,829587,6,397190,418690,13707,0.4787804051895702,0.504696915453111,0.016522679357318763,-0.025916510263540804,republican,George W. Bush,republican,0,6
2008,Nevada,NV,967848,6,533736,412827,21285,0.551466759243187,0.42654115108984053,0.0219920896669725,0.12492560815334647,democrat,Barack H. Obama,democrat,6,0
2012,Nevada,NV,1014918,6,531373,463567,19978,0.5235624947040056,0.4567531564126363,0.019684348883358065,0.06680933829136931,democrat,Barack H. Obama,democrat,6,0
2016,Nevada,NV,1125385,6,539260,512058,74067,0.4791782367811904,0.4550069531760242,0.06581481004278536,0.02417128360516624,democrat,Hillary Clinton,democrat,6,0
1976,New Hampshire,NH,339627,4,147645,185935,6047,0.43472692100451377,0.5474682519352113,0.017804827060274947,-0.11274133093069755,republican,Gerald Ford,republican,0,4
1980,New Hampshire,NH,383990,4,108864,221705,53421,0.28350738300476575,0.5773718065574625,0.13912081043777183,-0.2938644235526967,republican,Ronald Reagan,republican,0,4
1984,New Hampshire,NH,388904,4,120347,267050,1507,0.30945168987719335,0.6866733178367926,0.003874992286014029,-0.3772216279595993,republican,Ronald Reagan,republican,0,4
1988,New Hampshire,NH,450525,4,163696,281537,5292,0.36334498640475,0.624908717607236,0.011746295988013983,-0.261563731202486,republican,George H.W. Bush,republican,0,4
1992,New Hampshire,NH,537215,4,209040,202484,125691,0.38911795091350765,0.37691427082266876,0.23396777826382362,0.012203680090838886,democrat,Bill Clinton,democrat,4,0
1996,New Hampshire,NH,496597,4,246166,196486,53945,0.4957057734944029,0.395664895277257,0.10862933122834008,0.10004087821714591,democrat,Bill Clinton,democrat,4,0
2000,New Hampshire,NH,569081,4,266348,273559,29174,0.46803179160787306,0.4807030985044308,0.05126510988769613,-0.012671306896557766,republican,George W. Bush,republican,0,4
2004,New Hampshire,NH,678287,4,340511,331237,6539,0.5020161082255741,0.4883434298460681,0.00964046192835776,0.013672678379505976,democrat,John Kerry,democrat,4,0
2008,New Hampshire,NH,710970,4,384826,316534,9610,0.5412689705613458,0.44521428470962204,0.013516744729032167,0.09605468585172378,democrat,Barack H. Obama,democrat,4,0
2012,New Hampshire,NH,710972,4,369561,329918,11493,0.5197968415071198,0.4640379649268888,0.016165193565991345,0.05575887658023099,democrat,Barack H. Obama,democrat,4,0
2016,New Hampshire,NH,744296,4,348526,345790,49980,0.46826262669690555,0.46458666981953417,0.06715070348356031,0.003675956877371378,democrat,Hillary Clinton,democrat,4,0
1976,New Jersey,NJ,3014472,14,1444653,1509688,60131,0.4792391503387658,0.500813409446165,0.019947440215069175,-0.02157425910739924,republican,Gerald Ford,republican,0,14
1980,New Jersey,NJ,2975684,14,1147364,1546557,281763,0.3855799204485422,0.5197315978443948,0.09468848170706298,-0.1341516773958526,republican,Ronald Reagan,republican,0,14
1984,New Jersey,NJ,3217862,14,1261323,1933630,22909,0.3919754793710855,0.6009051973018109,0.007119323327103524,-0.2089297179307254,republican,Ronald Reagan,republican,0,14
1988,New Jersey,NJ,3099553,14,1320352,1743192,36009,0.4259814237730408,0.5624010946094485,0.011617481617510654,-0.1364196708364077,republican,George H.W. Bush,republican,0,14
1992,New Jersey,NJ,3343594,14,1436206,1356865,550523,0.42953959123027496,0.40581033462794824,0.1646500741417768,0.02372925660232672,democrat,Bill Clinton,democrat,14,0
1996,New Jersey,NJ,3075860,14,1652361,1103099,320400,0.5372029286118354,0.3586310820388444,0.10416598934932018,0.17857184657299097,democrat,Bill Clinton,democrat,14,0
2000,New Jersey,NJ,3187226,14,1788850,1284173,114203,0.5612560891508792,0.40291243859079967,0.03583147225832119,0.15834365056007954,democrat,Al Gore,democrat,14,0
2004,New Jersey,NJ,3611691,14,1911430,1670003,30258,0.5292340900702746,0.4623881168128724,0.00837779311685302,0.06684597325740216,democrat,John Kerry,democrat,14,0
2008,New Jersey,NJ,3868237,14,2215422,1613207,39608,0.5727213715188599,0.4170393385927491,0.010239289888391016,0.15568203292611082,democrat,Barack H. Obama,democrat,14,0
2012,New Jersey,NJ,3638499,14,2122786,1478088,37625,0.5834235491063761,0.4062356482714438,0.01034080262218019,0.17718790083493224,democrat,Barack H. Obama,democrat,14,0
2016,New Jersey,NJ,3874046,14,2148278,1601933,123835,0.554530844496942,0.4135038665002945,0.03196528900276352,0.14102697799664748,democrat,Hillary Clinton,democrat,14,0
1976,New Mexico,NM,416590,5,201148,211419,4023,0.4828440433039679,0.5074989798122854,0.00965697688374661,-0.024654936508317515,republican,Gerald Ford,republican,0,5
1980,New Mexico,NM,456237,5,167826,250779,37632,0.36784828937591646,0.5496682645204137,0.0824834461036698,-0.18181997514449727,republican,Ronald Reagan,republican,0,5
1984,New Mexico,NM,514370,5,201769,307101,5500,0.392264323347007,0.5970429846219647,0.010692692031028248,-0.2047786612749577,republican,Ronald Reagan,republican,0,5
1988,New Mexico,NM,521387,5,244497,270341,6549,0.4689357425482415,0.5185035300074609,0.012560727444297613,-0.04956778745921936,republican,George H.W. Bush,republican,0,5
1992,New Mexico,NM,569986,5,261617,212824,95545,0.45898846638338486,0.37338460944654783,0.16762692417006733,0.08560385693683703,democrat,Bill Clinton,democrat,5,0
1996,New Mexico,NM,556074,5,273495,232751,49828,0.4918320223567367,0.4185611986893831,0.08960677895388024,0.0732708236673536,democrat,Bill Clinton,democrat,5,0
2000,New Mexico,NM,598605,5,286783,286417,25405,0.47908554054844177,0.47847411899332615,0.042440340458232056,0.000611421555115621,democrat,Al Gore,democrat,5,0
2004,New Mexico,NM,756304,5,370942,376930,8432,0.490466796420487,0.498384247604138,0.01114895597537498,-0.007917451183651003,republican,George W. Bush,republican,0,5
2008,New Mexico,NM,830158,5,472422,346832,10904,0.5690748026279335,0.4177903483433274,0.013134849028739107,0.15128445428460613,democrat,Barack H. Obama,democrat,5,0
2012,New Mexico,NM,783758,5,415335,335788,32635,0.5299276052046678,0.4284332663909013,0.04163912840443096,0.10149433881376646,democrat,Barack H. Obama,democrat,5,0
2016,New Mexico,NM,798319,5,385234,319667,93418,0.48255647178634103,0.40042514333242724,0.11701838488123169,0.0821313284539138,democrat,Hillary Clinton,democrat,5,0
1976,New York,NY,6668262,29,3244165,2825913,598184,0.4865083285569763,0.4237855381207277,0.08970613332229598,0.06272279043624857,democrat,Jimmy Carter,democrat,29,0
1980,New York,NY,6201959,29,2728372,2637700,835887,0.4399209991552669,0.4253011024419865,0.13477789840274662,0.0146198967132804,democrat,Jimmy Carter,democrat,29,0
1984,New York,NY,6806810,29,3001285,3376519,429006,0.4409238688901262,0.49605013214707033,0.06302599896280343,-0.05512626325694414,republican,Ronald Reagan,republican,0,29
1988,New York,NY,6485683,29,3255487,2838414,391782,0.5019497561012464,0.4376430362075976,0.06040720769115605,0.06430671989364878,democrat,Michael Dukakis,democrat,29,0
1992,New York,NY,7079432,29,3346894,2041690,1690848,0.4727630691275797,0.2883974307543317,0.23883950011808858,0.184365638373248,democrat,Bill Clinton,democrat,29,0
1996,New York,NY,6439129,29,3649630,1738707,1050792,0.5667893903041855,0.27002207907311687,0.1631885306226976,0.29676731123106864,democrat,Bill Clinton,democrat,29,0
2000,New York,NY,6960215,29,3942215,2258577,759423,0.566392704823055,0.32449816564574513,0.10910912953119983,0.2418945391773099,democrat,Al Gore,democrat,29,0
2004,New York,NY,7448266,29,4180755,2806993,460518,0.5613058126549186,0.376865299923499,0.06182888742158242,0.18444051273141965,democrat,John Kerry,democrat,29,0
2008,New York,NY,7722019,29,4645332,2418323,658364,0.6015696154075767,0.313172371111752,0.08525801348067132,0.2883972442958247,democrat,Barack H. Obama,democrat,29,0
2012,New York,NY,7116784,29,4324228,2223397,569159,0.6076098417487449,0.312415973282314,0.07997418496894103,0.29519386846643086,democrat,Barack H. Obama,democrat,29,0
2016,New York,NY,7802084,29,4379789,2527142,895153,0.5613614259984896,0.32390602305742927,0.1147325509440811,0.23745540294106032,democrat,Hillary Clinton,democrat,29,0
1976,North Carolina,NC,1677906,15,927365,741960,8581,0.5526918671248569,0.4421940204040036,0.005114112471139623,0.11049784672085328,democrat,Jimmy Carter,democrat,15,0
1980,North Carolina,NC,1855833,15,875635,915018,65180,0.47182855353903075,0.49304975178262267,0.035121694678346596,-0.02122119824359192,republican,Ronald Reagan,republican,0,15
1984,North Carolina,NC,2175361,15,824287,1346481,4593,0.37891963678672186,0.6189689895148437,0.0021113736984344207,-0.24004935272812183,republican,Ronald Reagan,republican,0,15
1988,North Carolina,NC,2134370,15,890167,1237258,6945,0.41706311464272827,0.5796829977932598,0.003253887564011863,-0.16261988315053155,republican,George H.W. Bush,republican,0,15
1992,North Carolina,NC,2611850,15,1114042,1134661,363147,0.42653368302161304,0.43442808737102057,0.13903822960736642,-0.007894404349407524,republican,George H.W. Bush,republican,0,15
1996,North Carolina,NC,2515807,15,1107849,1225938,182020,0.4403553213740164,0.4872941366328975,0.07235054199308612,-0.046938815258881106,republican,Robert Dole,republican,0,15
2000,North Carolina,NC,2914990,15,1257692,1631163,26135,0.43145671168683253,0.559577562873286,0.008965725439881441,-0.12812085118645344,republican,George W. Bush,republican,0,15
2004,North Carolina,NC,3501007,15,1525849,1961166,13992,0.435831462205017,0.5601719733779452,0.003996564417037727,-0.12434051117292821,republican,George W. Bush,republican,0,15
2008,North Carolina,NC,4310851,15,2142651,2128474,39726,0.49703666399047425,0.49374798618648613,0.00921534982303958,0.003288677803988116,democrat,Barack H. Obama,democrat,15,0
2012,North Carolina,NC,4505372,15,2178391,2270395,56586,0.48350968577067555,0.5039306410214295,0.01255967320789493,-0.020420955250753936,republican,Mitt Romney,republican,0,15
2016,North Carolina,NC,4741564,15,2189316,2362631,189617,0.46172866168209475,0.49828094696180414,0.039990391356101065,-0.036552285279709384,republican,Donald J. Trump,republican,0,15
1976,North Dakota,ND,297308,3,136078,153684,7546,0.4577004318753616,0.5169184818437446,0.02538108628089389,-0.05921804996838298,republican,Gerald Ford,republican,0,3
1980,North Dakota,ND,301116,3,79189,193695,28232,0.262985029025359,0.6432570836488264,0.09375788732581464,-0.3802720546234674,republican,Ronald Reagan,republican,0,3
1984,North Dakota,ND,308971,3,104429,200336,4206,0.33798964951403204,0.6483974224118121,0.013612928074155827,-0.31040777289778004,republican,Ronald Reagan,republican,0,3
1988,North Dakota,ND,297261,3,127739,166559,2963,0.429720010361265,0.5603123181312045,0.00996767150753042,-0.13059230776993952,republican,George H.W. Bush,republican,0,3
1992,North Dakota,ND,308133,3,99168,136244,72721,0.32183505174713517,0.442159716745691,0.23600523150717384,-0.12032466499855582,republican,George H.W. Bush,republican,0,3
1996,North Dakota,ND,266411,3,106905,125050,34456,0.4012784757386144,0.46938752528987165,0.12933399897151393,-0.06810904955125724,republican,Robert Dole,republican,0,3
2000,North Dakota,ND,288256,3,95284,174852,18120,0.3305533969804618,0.6065858126110124,0.06286079040852575,-0.2760324156305506,republican,George W. Bush,republican,0,3
2004,North Dakota,ND,312833,3,111052,196651,5130,0.3549881246543683,0.6286133496146507,0.016398525730981068,-0.27362522496028235,republican,George W. Bush,republican,0,3
2008,North Dakota,ND,316621,3,141278,168601,6742,0.44620540014717913,0.5325010027761898,0.02129359707663105,-0.0862956026290107,republican,John McCain,republican,0,3
2012,North Dakota,ND,322932,3,124966,188320,9646,0.38697310888979725,0.5831568255855722,0.029870065524630573,-0.196183716695775,republican,Mitt Romney,republican,0,3
2016,North Dakota,ND,344360,3,93758,216794,33808,0.27226739458706006,0.629556278313393,0.09817632709954699,-0.35728888372633294,republican,Donald J. Trump,republican,0,3
1976,Ohio,OH,4110456,18,2009959,2000626,99871,0.4889868666639419,0.48671631565938184,0.024296817676676262,0.002270551004560084,democrat,Jimmy Carter,democrat,18,0
1980,Ohio,OH,4283603,18,1752414,2206545,324644,0.40909813537809175,0.5151142624561613,0.07578760216574693,-0.10601612707806957,republican,Ronald Reagan,republican,0,18
1984,Ohio,OH,4563235,18,1825440,2678559,59236,0.40003199484576185,0.5869868634861014,0.012981141668136749,-0.18695486864033956,republican,Ronald Reagan,republican,0,18
1988,Ohio,OH,4393585,18,1939629,2416549,37407,0.4414684136075665,0.5500175824525985,0.00851400393983501,-0.10854916884503196,republican,George H.W. Bush,republican,0,18
1992,Ohio,OH,4939967,18,1984942,1894310,1060715,0.4018128056321024,0.383466124368847,0.2147210699990506,0.01834668126325545,democrat,Bill Clinton,democrat,18,0
1996,Ohio,OH,4534434,18,2148222,1859883,526329,0.4737574744720069,0.4101687222705193,0.11607380325747381,0.06358875220148758,democrat,Bill Clinton,democrat,18,0
2000,Ohio,OH,4701998,18,2183628,2350363,168007,0.46440428090356484,0.4998647383516539,0.03573098074478126,-0.03546045744808907,republican,George W. Bush,republican,0,18
2004,Ohio,OH,5627903,18,2741165,2859764,26974,0.48706685243153625,0.508140243355296,0.004792904213167853,-0.021073390923759705,republican,George W. Bush,republican,0,18
2008,Ohio,OH,5708350,18,2940044,2677820,90486,0.5150427006052537,0.4691057836327485,0.015851515761997774,0.04593691697250518,democrat,Barack H. Obama,democrat,18,0
2012,Ohio,OH,5580822,18,2827621,2661407,91794,0.5066674765831987,0.47688440878422567,0.01644811463257563,0.029783067798972995,democrat,Barack H. Obama,democrat,18,0
2016,Ohio,OH,5496487,18,2394164,2841005,261318,0.4355807627672002,0.5168765067578619,0.0475427304749379,-0.0812957439906617,republican,Donald J. Trump,republican,0,18
1976,Oklahoma,OK,1092251,7,532442,545708,14101,0.48747220190231,0.4996177618514426,0.012910036246247428,-0.012145559949132578,republican,Gerald Ford,republican,0,7
1980,Oklahoma,OK,1149708,7,402026,695570,52112,0.3496766135401337,0.6049970949145348,0.04532629154533151,-0.2553204813744011,republican,Ronald Reagan,republican,0,7
1984,Oklahoma,OK,1255676,7,385080,861530,9066,0.30667146620625063,0.6861085184394701,0.007220015354279289,-0.37943705223321944,republican,Ronald Reagan,republican,0,7
1988,Oklahoma,OK,1171036,7,483423,678367,9246,0.41281651460757823,0.5792879125833877,0.007895572809034052,-0.1664713979758095,republican,George H.W. Bush,republican,0,7
1992,Oklahoma,OK,1390359,7,473066,592929,324364,0.3402473749585539,0.4264574832830945,0.23329514175835162,-0.08621010832454062,republican,George H.W. Bush,republican,0,7
1996,Oklahoma,OK,1206713,7,488105,582315,136293,0.40449137450247075,0.48256296236139,0.11294566313613925,-0.07807158785891927,republican,Robert Dole,republican,0,7
2000,Oklahoma,OK,1234229,7,474276,744337,15616,0.38426904569573395,0.603078521084823,0.012652433219443069,-0.21880947538908901,republican,George W. Bush,republican,0,7
2004,Oklahoma,OK,1463758,7,503966,959792,0,0.3442959833524394,0.6557040166475606,0.0,-0.31140803329512123,republican,George W. Bush,republican,0,7
2008,Oklahoma,OK,1462661,7,502496,960165,0,0.343549188773065,0.656450811226935,0.0,-0.31290162245387004,republican,John McCain,republican,0,7
2012,Oklahoma,OK,1334872,7,443547,891325,0,0.3322768025698344,0.6677231974301656,0.0,-0.33544639486033123,republican,Mitt Romney,republican,0,7
2016,Oklahoma,OK,1452992,7,420375,949136,83481,0.2893168028454389,0.6532286481962736,0.05745454895828745,-0.36391184535083465,republican,Donald J. Trump,republican,0,7
1976,Oregon,OR,1029876,7,490407,492120,47349,0.47618062757069785,0.4778439346096035,0.045975437819698685,-0.0016633070389056592,republican,Gerald Ford,republican,0,7
1980,Oregon,OR,1181516,7,456890,571044,153582,0.3866981065004621,0.48331465676300617,0.1299872367365317,-0.09661655026254407,republican,Ronald Reagan,republican,0,7
1984,Oregon,OR,1226527,7,536479,685700,4348,0.43739681230009614,0.559058218856984,0.003544968842919887,-0.1216614065568879,republican,Ronald Reagan,republican,0,7
1988,Oregon,OR,1201694,7,616206,560126,25362,0.5127811239799815,0.4661136695365043,0.021105206483514105,0.04666745444347725,democrat,Michael Dukakis,democrat,7,0
1992,Oregon,OR,1462643,7,621314,475757,365572,0.42478855058958337,0.32527212723815724,0.2499393221722594,0.09951642335142613,democrat,Bill Clinton,democrat,7,0
1996,Oregon,OR,1377760,7,649641,538152,189967,0.4715197131575891,0.3905992335384973,0.1378810533039136,0.08092047961909182,democrat,Bill Clinton,democrat,7,0
2000,Oregon,OR,1533950,7,720342,713577,100031,0.46959940024120733,0.46518921737996677,0.06521138237882591,0.004410182861240564,democrat,Al Gore,democrat,7,0
2004,Oregon,OR,1836782,7,943163,866831,26788,0.5134866304221187,0.47192916742433233,0.014584202153548978,0.0415574629977864,democrat,John Kerry,democrat,7,0
2008,Oregon,OR,1827864,7,1037291,738475,52098,0.5674880625692065,0.40400981692292204,0.028502120507871483,0.16347824564628444,democrat,Barack H. Obama,democrat,7,0
2012,Oregon,OR,1789270,7,970488,754175,64607,0.54239326652769,0.42149871176513326,0.03610802170717667,0.12089455476255678,democrat,Barack H. Obama,democrat,7,0
2016,Oregon,OR,2001336,7,1002106,782403,216827,0.5007185200286208,0.39094035184496756,0.10834112812641156,0.10977816818365327,democrat,Hillary Clinton,democrat,7,0
1976,Pennsylvania,PA,4620787,20,2328677,2205604,86506,0.5039567935072532,0.4773221531310575,0.018721053361689253,0.026634640376195673,democrat,Jimmy Carter,democrat,20,0
1980,Pennsylvania,PA,4561501,20,1937540,2261872,362089,0.4247593062020594,0.49586134037896734,0.07937935341897327,-0.07110203417690797,republican,Ronald Reagan,republican,0,20
1984,Pennsylvania,PA,4844903,20,2228131,2584323,32449,0.45989176666694875,0.5334106792230928,0.006697554109958445,-0.07351891255614407,republican,Ronald Reagan,republican,0,20
1988,Pennsylvania,PA,4536251,20,2194944,2300087,41220,0.48386740504438575,0.5070457961872039,0.009086798768410302,-0.023178391142818167,republican,George H.W. Bush,republican,0,20
1992,Pennsylvania,PA,4959810,20,2239164,1791841,928805,0.45146164873251193,0.3612721051814485,0.1872662460860396,0.09018954355106346,democrat,Bill Clinton,democrat,20,0
1996,Pennsylvania,PA,4501307,20,2215819,1801169,484319,0.492261247677619,0.40014355830428805,0.10759519401809296,0.09211768937333092,democrat,Bill Clinton,democrat,20,0
2000,Pennsylvania,PA,4912185,20,2485967,2281127,145091,0.5060817131276611,0.4643813292862545,0.0295369575860844,0.041700383841406674,democrat,Al Gore,democrat,20,0
2004,Pennsylvania,PA,5769590,20,2938095,2793847,37648,0.5092380914415062,0.484236661530542,0.0065252470279517265,0.025001429910964212,democrat,John Kerry,democrat,20,0
2008,Pennsylvania,PA,6013272,20,3276363,2655885,81024,0.5448552801203738,0.4416705247991443,0.013474195080481973,0.10318475532122945,democrat,Barack H. Obama,democrat,20,0
2012,Pennsylvania,PA,5742040,20,2990274,2680434,71332,0.520768577021407,0.46680866033674445,0.012422762641848542,0.053959916684662546,democrat,Barack H. Obama,democrat,20,0
2016,Pennsylvania,PA,6115402,20,2926441,2970733,218228,0.4785361616456285,0.4857788580374602,0.0356849803169113,-0.007242696391831671,republican,Donald J. Trump,republican,0,20
1976,Rhode Island,RI,410584,4,227636,181249,1699,0.5544200455935935,0.4414419461060343,0.004138008300372153,0.11297809948755916,democrat,Jimmy Carter,democrat,4,0
1980,Rhode Island,RI,415967,4,198342,154793,62832,0.4768214786269103,0.3721280774676837,0.15105044390540595,0.1046934011592266,democrat,Jimmy Carter,democrat,4,0
1984,Rhode Island,RI,410489,4,197106,212080,1303,0.4801736465532572,0.5166520905554107,0.0031742628913320452,-0.0364784440021535,republican,Ronald Reagan,republican,0,4
1988,Rhode Island,RI,404622,4,225123,177761,1738,0.5563785459021012,0.43932608706397575,0.004295367033923019,0.11705245883812548,democrat,Michael Dukakis,democrat,4,0
1992,Rhode Island,RI,453365,4,213299,131601,108465,0.4704796356136888,0.29027604689378317,0.23924431749252809,0.1802035887199056,democrat,Bill Clinton,democrat,4,0
1996,Rhode Island,RI,390247,4,233050,104683,52514,0.5971858848370392,0.26824805828103737,0.1345660568819235,0.3289378265560018,democrat,Bill Clinton,democrat,4,0
2000,Rhode Island,RI,409112,4,249508,130555,29049,0.6098770018967911,0.31911799213907194,0.07100500596413696,0.2907590097577191,democrat,Al Gore,democrat,4,0
2004,Rhode Island,RI,437134,4,259760,169046,8328,0.5942342622628302,0.3867143713369356,0.019051366400234252,0.20751989092589457,democrat,John Kerry,democrat,4,0
2008,Rhode Island,RI,471766,4,296571,165391,9804,0.6286400461245617,0.35057846474735355,0.020781489128084685,0.27806158137720816,democrat,Barack H. Obama,democrat,4,0
2012,Rhode Island,RI,446049,4,279677,157204,9168,0.627009588632639,0.35243661570813967,0.020553795659221295,0.27457297292449934,democrat,Barack H. Obama,democrat,4,0
2016,Rhode Island,RI,464144,4,252525,180543,31076,0.5440660657037472,0.3889805749939674,0.06695335930228549,0.15508549070977978,democrat,Hillary Clinton,democrat,4,0
1976,South Carolina,SC,802583,9,450807,346149,5627,0.5616951766982355,0.43129371043244125,0.007011112869323172,0.1304014662657943,democrat,Jimmy Carter,democrat,9,0
1980,South Carolina,SC,888258,9,428220,439277,20761,0.4820896631384125,0.4945376230779796,0.023372713783607914,-0.0124479599395671,republican,Ronald Reagan,republican,0,9
1984,South Carolina,SC,968529,9,344459,615539,8531,0.3556517151267541,0.6355400819180427,0.0088082029552032,-0.2798883667912886,republican,Ronald Reagan,republican,0,9
1988,South Carolina,SC,986009,9,370554,606443,9012,0.37581198548897626,0.6150481385058352,0.009139876005188594,-0.2392361530168589,republican,George H.W. Bush,republican,0,9
1992,South Carolina,SC,1228912,9,525514,577507,125891,0.4276254117463252,0.46993356725298474,0.10244102100069004,-0.04230815550665956,republican,George H.W. Bush,republican,0,9
1996,South Carolina,SC,1150182,9,506152,573339,70691,0.44006252923450373,0.498476762807973,0.061460707957523245,-0.058414233573469254,republican,Robert Dole,republican,0,9
2000,South Carolina,SC,1383902,9,566037,786892,30973,0.40901523373764903,0.5686038462261056,0.022380920036245342,-0.15958861248845657,republican,George W. Bush,republican,0,9
2004,South Carolina,SC,1617700,9,661669,937974,18057,0.40901835939914694,0.5798194968164678,0.011162143784385238,-0.1708011374173209,republican,George W. Bush,republican,0,9
2008,South Carolina,SC,1920969,9,862449,1034896,23624,0.4489656001736624,0.5387364397863786,0.012297960039959,-0.08977083961271626,republican,John McCain,republican,0,9
2012,South Carolina,SC,1964118,9,865941,1071645,26532,0.4408803340736147,0.5456113125586141,0.013508353367771182,-0.10473097848499935,republican,Mitt Romney,republican,0,9
2016,South Carolina,SC,2103027,9,855373,1155389,92265,0.4067341978966509,0.5493933268569543,0.043872475246394836,-0.14265912896030342,republican,Donald J. Trump,republican,0,9
1976,South Dakota,SD,300678,3,147068,151505,2105,0.48912125263570994,0.5038779026067753,0.007000844757514684,-0.014756649971065405,republican,Gerald Ford,republican,0,3
1980,South Dakota,SD,327703,3,103855,198343,25505,0.3169180630021696,0.605252316884496,0.07782962011333433,-0.28833425388232636,republican,Ronald Reagan,republican,0,3
1984,South Dakota,SD,317867,3,116113,200267,1487,0.365287997810405,0.6300339450147389,0.004678057174856151,-0.26474594720433386,republican,Ronald Reagan,republican,0,3
1988,South Dakota,SD,312991,3,145560,165415,2016,0.4650612956922084,0.5284976245323348,0.006441079775456803,-0.06343632884012645,republican,George H.W. Bush,republican,0,3
1992,South Dakota,SD,336254,3,124888,136718,74648,0.37140970813730095,0.4065914457523182,0.22199884611038084,-0.03518173761501725,republican,George H.W. Bush,republican,0,3
1996,South Dakota,SD,323826,3,139333,150543,33950,0.43027119502448846,0.46488855125900946,0.10484025371650207,-0.034617356234521,republican,Robert Dole,republican,0,3
2000,South Dakota,SD,316269,3,118804,190700,6765,0.37564225390411327,0.6029677268401266,0.021390019255760128,-0.2273254729360133,republican,George W. Bush,republican,0,3
2004,South Dakota,SD,388215,3,149244,232584,6387,0.38443645917854796,0.5991113171824891,0.016452223638962947,-0.21467485800394115,republican,George W. Bush,republican,0,3
2008,South Dakota,SD,381975,3,170924,203054,7997,0.44747431114601743,0.5315897637279927,0.02093592512598992,-0.08411545258197528,republican,John McCain,republican,0,3
2012,South Dakota,SD,363815,3,145039,210610,8166,0.3986614075835246,0.5788931187554114,0.022445473661064003,-0.1802317111718868,republican,Mitt Romney,republican,0,3
2016,South Dakota,SD,370093,3,117458,227721,24914,0.3173742815994899,0.615307503789588,0.06731821461092212,-0.2979332221900981,republican,Donald J. Trump,republican,0,3
1976,Tennessee,TN,1476346,11,825879,633969,16498,0.5594074830696869,0.4294176297426213,0.011174887187691775,0.12998985332706559,democrat,Jimmy Carter,democrat,11,0
1980,Tennessee,TN,1617616,11,783051,787761,46804,0.4840771851910466,0.48698887745917446,0.028933937349778935,-0.0029116922681278745,republican,Ronald Reagan,republican,0,11
1984,Tennessee,TN,1711993,11,711714,990212,10067,0.4157224941924412,0.5783972247550078,0.005880281052551032,-0.16267473056256654,republican,Ronald Reagan,republican,0,11
1988,Tennessee,TN,1636250,11,679794,947233,9223,0.4154585179526356,0.5789048128342246,0.005636669213139801,-0.16344629488158896,republican,George H.W. Bush,republican,0,11
1992,Tennessee,TN,1982638,11,933521,841300,207817,0.47084793088803906,0.42433364033171966,0.10481842878024128,0.04651429055631939,democrat,Bill Clinton,democrat,11,0
1996,Tennessee,TN,1894105,11,909146,863530,121429,0.4799871179264085,0.4559039757563599,0.06410890631723162,0.024083142170048644,democrat,Bill Clinton,democrat,11,0
2000,Tennessee,TN,2076181,11,981720,1061949,32512,0.4728489471775341,0.5114915318076796,0.015659521014786282,-0.03864258463014547,republican,George W. Bush,republican,0,11
2004,Tennessee,TN,2437319,11,1036477,1384375,16467,0.4252529110879618,0.5679908949136325,0.006756193998405625,-0.1427379838256707,republican,George W. Bush,republican,0,11
2008,Tennessee,TN,2599749,11,1087437,1479178,33134,0.4182853806271298,0.5689695428289423,0.012745076543927895,-0.15068416220181252,republican,John McCain,republican,0,11
2012,Tennessee,TN,2458577,11,960709,1462330,35538,0.39075814993795194,0.5947871471993759,0.014454702862672189,-0.20402899726142393,republican,Mitt Romney,republican,0,11
2016,Tennessee,TN,2508027,11,870695,1522925,114407,0.34716332798650096,0.6072203369421462,0.0456163350713529,-0.2600570089556452,republican,Donald J. Trump,republican,0,11
1976,Texas,TX,4071884,38,2082319,1953300,36265,0.511389568072175,0.4797042351894111,0.008906196738413962,0.03168533288276387,democrat,Jimmy Carter,democrat,38,0
1980,Texas,TX,4541636,38,1881147,2510705,149784,0.414200301389191,0.5528195126161586,0.032980185994650385,-0.13861921122696758,republican,Ronald Reagan,republican,0,38
1984,Texas,TX,5397571,38,1949276,3433428,14867,0.36113948292667203,0.636106129961051,0.0027543871122769855,-0.27496664703437895,republican,Ronald Reagan,republican,0,38
1988,Texas,TX,5427410,38,2352748,3036829,37833,0.433493692203095,0.559535579585843,0.006970728211061998,-0.12604188738274796,republican,George H.W. Bush,republican,0,38
1992,Texas,TX,6154018,38,2281815,2496071,1376132,0.37078458334051023,0.40560021111410466,0.22361520554538514,-0.034815627773594426,republican,George H.W. Bush,republican,0,38
1996,Texas,TX,5611644,38,2459683,2736167,415794,0.43831771937065145,0.48758741645050896,0.07409486417883956,-0.04926969707985751,republican,Robert Dole,republican,0,38
2000,Texas,TX,6407637,38,2433746,3799639,174252,0.37981958091571044,0.5929859946810345,0.027194424403255053,-0.21316641376532408,republican,George W. Bush,republican,0,38
2004,Texas,TX,7410749,38,2832704,4526917,51128,0.3822426046274135,0.6108582276906154,0.006899167681971147,-0.22861562306320188,republican,George W. Bush,republican,0,38
2008,Texas,TX,8077795,38,3528633,4479328,69834,0.4368312144588963,0.5545236045232641,0.008645181017839645,-0.11769239006436782,republican,John McCain,republican,0,38
2012,Texas,TX,7993851,38,3308124,4569843,115884,0.41383358283760857,0.5716697746805639,0.014496642481827594,-0.15783619184295533,republican,Mitt Romney,republican,0,38
2016,Texas,TX,8969226,38,3877868,4685047,406311,0.4323525798101196,0.5223468557933538,0.04530056439652652,-0.08999427598323423,republican,Donald J. Trump,republican,0,38
1976,Utah,UT,541218,6,182110,337908,21200,0.3364817873758818,0.6243473055219892,0.0391709071021289,-0.28786551814610745,republican,Gerald Ford,republican,0,6
1980,Utah,UT,604152,6,124266,439687,40199,0.20568664839311962,0.7277754604801441,0.06653789112673632,-0.5220888120870244,republican,Ronald Reagan,republican,0,6
1984,Utah,UT,629656,6,155369,469105,5182,0.246752194849251,0.7450179145438144,0.00822989060693458,-0.49826571969456335,republican,Ronald Reagan,republican,0,6
1988,Utah,UT,647008,6,207343,428442,11223,0.320464352836441,0.6621896483505614,0.017345998812997674,-0.3417252955141204,republican,George H.W. Bush,republican,0,6
1992,Utah,UT,743998,6,183429,322632,237937,0.24654501759413333,0.4336463270062554,0.3198086553996113,-0.18710130941212205,republican,George H.W. Bush,republican,0,6
1996,Utah,UT,665629,6,221633,361911,82085,0.3329677643251721,0.54371278895601,0.12331944671881784,-0.21074502463083794,republican,Robert Dole,republican,0,6
2000,Utah,UT,770754,6,203053,515096,52605,0.26344722181136915,0.6683014295092857,0.06825134867934517,-0.4048542076979166,republican,George W. Bush,republican,0,6
2004,Utah,UT,927844,6,241199,663742,22903,0.25995641508701894,0.7153594785330293,0.024684106379951803,-0.45540306344601034,republican,George W. Bush,republican,0,6
2008,Utah,UT,952370,6,327670,596030,28670,0.3440574566607516,0.6258386971450172,0.030103846194231235,-0.28178124048426556,republican,John McCain,republican,0,6
2012,Utah,UT,1017440,6,251813,740600,25027,0.2474966582796037,0.727905331026891,0.024598010693505267,-0.4804086727472873,republican,Mitt Romney,republican,0,6
2016,Utah,UT,1131317,6,310674,515211,305432,0.2746126859226901,0.4554081658810042,0.2699791481963057,-0.18079547995831408,republican,Donald J. Trump,republican,0,6
1976,Vermont,VT,183902,3,77798,100387,5717,0.42304053245750456,0.5458722580504834,0.03108720949201205,-0.12283172559297889,republican,Gerald Ford,republican,0,3
1980,Vermont,VT,213299,3,81952,94628,36719,0.3842118340920492,0.4436401483363729,0.17214801757157794,-0.05942831424432371,republican,Ronald Reagan,republican,0,3
1984,Vermont,VT,234561,3,95730,135865,2966,0.408124112704158,0.579230988953833,0.012644898342009115,-0.17110687624967497,republican,Ronald Reagan,republican,0,3
1988,Vermont,VT,243328,3,115775,124331,3222,0.47579809968437664,0.510960514203051,0.01324138611257233,-0.035162414518674356,republican,George H.W. Bush,republican,0,3
1992,Vermont,VT,289701,3,133592,88122,67987,0.46113751764750555,0.30418258825478683,0.23467989409770765,0.1569549293927187,democrat,Bill Clinton,democrat,3,0
1996,Vermont,VT,258449,3,137894,80352,40203,0.5335443356329489,0.31090079667555304,0.15555486769149812,0.22264353895739586,democrat,Bill Clinton,democrat,3,0
2000,Vermont,VT,294308,3,149022,119775,25511,0.5063470921619528,0.4069716079753184,0.08668129986272884,0.09937548418663444,democrat,Al Gore,democrat,3,0
2004,Vermont,VT,312309,3,184067,121180,7062,0.5893746257712714,0.38801315363950445,0.022612220589224134,0.20136147213176697,democrat,John Kerry,democrat,3,0
2008,Vermont,VT,325046,3,219262,98974,6810,0.6745568319560924,0.30449228724549754,0.020950880798410072,0.37006454471059486,democrat,Barack H. Obama,democrat,3,0
2012,Vermont,VT,299290,3,199239,92698,7353,0.665705503023823,0.3097263523672692,0.024568144608907747,0.35597915065655383,democrat,Barack H. Obama,democrat,3,0
2016,Vermont,VT,320467,3,178573,95369,46525,0.5572274212321393,0.29759382401308093,0.14517875475477973,0.2596335972190584,democrat,Hillary Clinton,democrat,3,0
1976,Virginia,VA,1697094,13,813896,836554,46644,0.47958215632133516,0.4929332140706408,0.02748462960802407,-0.013351057749305617,republican,Gerald Ford,republican,0,13
1980,Virginia,VA,1866032,13,752174,989609,124249,0.40308740686118993,0.5303279900880585,0.06658460305075155,-0.1272405832268686,republican,Ronald Reagan,republican,0,13
1984,Virginia,VA,2146635,13,796250,1337078,13307,0.3709293848278818,0.622871610683698,0.006199004488420249,-0.2519422258558162,republican,Ronald Reagan,republican,0,13
1988,Virginia,VA,2191609,13,859799,1309162,22648,0.3923140487194568,0.5973519911626572,0.010333960117885992,-0.20503794244320045,republican,George H.W. Bush,republican,0,13
1992,Virginia,VA,2559129,13,1038650,1150517,369962,0.4058607440265809,0.4495736635394308,0.14456559243398828,-0.04371291951284989,republican,George H.W. Bush,republican,0,13
1996,Virginia,VA,2416642,13,1091060,1138350,187232,0.45147771163457395,0.471046187230049,0.0774761011353771,-0.019568475595475032,republican,Robert Dole,republican,0,13
2000,Virginia,VA,2739447,13,1217290,1437490,84667,0.4443561054475593,0.5247372918694905,0.030906602682950247,-0.08038118642193115,republican,George W. Bush,republican,0,13
2004,Virginia,VA,3195415,13,1454742,1716959,23714,0.4552591760381672,0.5373195656902156,0.007421258271617302,-0.08206038965204837,republican,George W. Bush,republican,0,13
2008,Virginia,VA,3723260,13,1959532,1725005,38723,0.5262946987317566,0.46330500690255316,0.010400294365690283,0.06298969182920344,democrat,Barack H. Obama,democrat,13,0
2012,Virginia,VA,3854489,13,1971820,1822522,60147,0.5115645679621864,0.4728310289638912,0.01560440307392238,0.038733538998295236,democrat,Barack H. Obama,democrat,13,0
2016,Virginia,VA,3982752,13,1981473,1769443,231836,0.49751352833417695,0.44427647013924043,0.05821000152658262,0.053237058194936515,democrat,Hillary Clinton,democrat,13,0
1976,Washington,WA,1555534,12,717323,777732,60479,0.46114260440466104,0.49997749968821,0.038879895907129,-0.03883489528354894,republican,Gerald Ford,republican,0,12
1980,Washington,WA,1742394,12,650193,865244,226957,0.3731607202504141,0.4965834363525127,0.13025584339707322,-0.1234227161020986,republican,Ronald Reagan,republican,0,12
1984,Washington,WA,1874910,12,798352,1051670,24888,0.42580817212559535,0.5609175907110208,0.013274237163383842,-0.1351094185854254,republican,Ronald Reagan,republican,0,12
1988,Washington,WA,1865253,12,933516,903835,27902,0.5004768790078343,0.48456429235068915,0.014958828641476518,0.015912586657145178,democrat,Michael Dukakis,democrat,12,0
1992,Washington,WA,2287565,12,993037,731234,563294,0.43410220037463415,0.31965605348919046,0.24624174613617536,0.11444614688544369,democrat,Bill Clinton,democrat,12,0
1996,Washington,WA,2253837,12,1123323,840712,289802,0.49840472048333573,0.3730136651408243,0.12858161437583995,0.12539105534251144,democrat,Bill Clinton,democrat,12,0
2000,Washington,WA,2487433,12,1247652,1108864,130917,0.5015821531675426,0.44578647947502503,0.05263136735743234,0.05579567369251759,democrat,Al Gore,democrat,12,0
2004,Washington,WA,2859084,12,1510201,1304894,43989,0.5282114831183694,0.45640281992414355,0.015385696957487083,0.07180866319422585,democrat,John Kerry,democrat,12,0
2008,Washington,WA,3036878,12,1750848,1229216,56814,0.5765289221364835,0.40476304942114893,0.018708028442367457,0.1717658727153346,democrat,Barack H. Obama,democrat,12,0
2012,Washington,WA,3125516,12,1755396,1290670,79450,0.5616339829967276,0.4129462143210913,0.02541980268218112,0.14868776867563632,democrat,Barack H. Obama,democrat,12,0
2016,Washington,WA,3317019,12,1742718,1221747,352554,0.5253868006182659,0.3683268018663746,0.10628639751535943,0.1570599987518913,democrat,Hillary Clinton,democrat,12,0
1976,West Virginia,WV,750590,5,435864,314726,0,0.5806951864533234,0.4193048135466766,0.0,0.16139037290664682,democrat,Jimmy Carter,democrat,5,0
1980,West Virginia,WV,737715,5,367462,334206,36047,0.49810834807479853,0.45302860860901567,0.04886304331618579,0.045079739465782864,democrat,Jimmy Carter,democrat,5,0
1984,West Virginia,WV,735742,5,328125,405483,2134,0.44597834567008543,0.551121181066189,0.0029004732637255993,-0.10514283539610358,republican,Ronald Reagan,republican,0,5
1988,West Virginia,WV,653311,5,341016,310065,2230,0.5219811085378939,0.47460550947404834,0.003413381988057755,0.047375599063845586,democrat,Michael Dukakis,democrat,5,0
1992,West Virginia,WV,683677,5,331001,241974,110702,0.4841482161898089,0.35393029164356854,0.16192149216662255,0.13021792454624037,democrat,Bill Clinton,democrat,5,0
1996,West Virginia,WV,636459,5,327812,233946,74701,0.515055958042859,0.3675743449303097,0.11736969702683127,0.14748161311254926,democrat,Bill Clinton,democrat,5,0
2000,West Virginia,WV,648124,5,295497,336475,16152,0.4559266436669526,0.5191521992705099,0.024921157062537416,-0.0632255556035573,republican,George W. Bush,republican,0,5
2004,West Virginia,WV,755792,5,326541,423778,5473,0.43205141097021404,0.5607071786946674,0.007241410335118657,-0.1286557677244533,republican,George W. Bush,republican,0,5
2008,West Virginia,WV,713451,5,303857,397466,12128,0.42589750382296754,0.5571034310695478,0.016999065107484605,-0.1312059272465803,republican,John McCain,republican,0,5
2012,West Virginia,WV,670438,5,238269,417655,14514,0.3553930415638732,0.6229584241943327,0.021648534241794172,-0.2675653826304595,republican,Mitt Romney,republican,0,5
2016,West Virginia,WV,713051,5,188794,489371,34886,0.26476928017771517,0.6863057481161936,0.04892497170609115,-0.42153646793847843,republican,Donald J. Trump,republican,0,5
1976,Wisconsin,WI,2101336,10,1040232,1004987,56117,0.4950336357441171,0.4782609730190698,0.02670539123681315,0.016772662725047294,democrat,Jimmy Carter,democrat,10,0
1980,Wisconsin,WI,2273221,10,981584,1088845,202792,0.4318031550825899,0.47898774470234085,0.08920910021506928,-0.04718458961975097,republican,Ronald Reagan,republican,0,10
1984,Wisconsin,WI,2211689,10,995740,1198584,17365,0.4502170060980545,0.5419315283477921,0.007851465554153409,-0.09171452224973764,republican,Ronald Reagan,republican,0,10
1988,Wisconsin,WI,2191608,10,1126794,1047499,17315,0.5141403024628491,0.47795910582549433,0.007900591711656465,0.03618119663735481,democrat,Michael Dukakis,democrat,10,0
1992,Wisconsin,WI,2531064,10,1041066,930855,559143,0.4113155574098482,0.36777220963199664,0.22091223295815515,0.04354334777785157,democrat,Bill Clinton,democrat,10,0
1996,Wisconsin,WI,2196169,10,1071971,845029,279169,0.48810952162606797,0.3847741225743556,0.12711635579957645,0.10333539905171235,democrat,Bill Clinton,democrat,10,0
2000,Wisconsin,WI,2598607,10,1242987,1237279,118341,0.47832819660687437,0.4761316351414431,0.045540168251682535,0.0021965614654312904,democrat,Al Gore,democrat,10,0
2004,Wisconsin,WI,2997007,10,1489504,1478120,29383,0.49699717084411216,0.49319871458425024,0.009804114571637637,0.0037984562598619154,democrat,John Kerry,democrat,10,0
2008,Wisconsin,WI,2983417,10,1677211,1262393,43813,0.5621778651794235,0.4231366248834809,0.01468550993709562,0.13904124029594256,democrat,Barack H. Obama,democrat,10,0
2012,Wisconsin,WI,3071434,10,1620985,1410966,39483,0.5277616253515459,0.4593834671361976,0.01285490751225649,0.06837815821534832,democrat,Barack H. Obama,democrat,10,0
2016,Wisconsin,WI,2976150,10,1382536,1405284,188330,0.4645384137224266,0.4721818456731012,0.06327974060447222,-0.007643431950674573,republican,Donald J. Trump,republican,0,10
1976,Wyoming,WY,156343,3,62239,92717,1387,0.39809265525159426,0.5930358250769142,0.008871519671491529,-0.19494316982531995,republican,Gerald Ford,republican,0,3
1980,Wyoming,WY,176713,3,49427,110700,16586,0.27970211586018007,0.6264394809663126,0.09385840317350733,-0.34673736510613257,republican,Ronald Reagan,republican,0,3
1984,Wyoming,WY,188968,3,53370,133241,2357,0.28242877100884806,0.7050982176876508,0.012473011303501123,-0.42266944667880274,republican,Ronald Reagan,republican,0,3
1988,Wyoming,WY,176551,3,67113,106867,2571,0.3801337857049804,0.6053038498790718,0.0145623644159478,-0.2251700641740914,republican,George H.W. Bush,republican,0,3
1992,Wyoming,WY,199884,3,68160,79347,52377,0.34099777871165277,0.3969652398391067,0.26203698144924054,-0.05596746112745393,republican,George H.W. Bush,republican,0,3
1996,Wyoming,WY,211571,3,77934,105388,28249,0.3683586124752447,0.4981211980848037,0.1335201894399516,-0.129762585609559,republican,Robert Dole,republican,0,3
2000,Wyoming,WY,213726,3,60481,147947,5298,0.282983820405566,0.6922274313841086,0.02478874821032537,-0.40924361097854256,republican,George W. Bush,republican,0,3
2004,Wyoming,WY,243861,3,70776,167629,5456,0.2902309102316484,0.6873956885274808,0.022373401240870824,-0.3971647782958324,republican,George W. Bush,republican,0,3
2008,Wyoming,WY,254904,3,82868,164958,7078,0.32509493770203685,0.6471377459749553,0.027767316323007878,-0.3220428082729185,republican,John McCain,republican,0,3
2012,Wyoming,WY,250701,3,69286,170962,10453,0.2763690611525283,0.6819358518713527,0.04169508697611896,-0.40556679071882445,republican,Mitt Romney,republican,0,3
2016,Wyoming,WY,258788,3,55973,174419,28396,0.2162890087639303,0.6739841105460841,0.10972688068998562,-0.4576951017821538,republican,Donald J. Trump,republican,0,3
